"id","group","status","left","right","residual","scaled_residual","tolerance","notes"
"soft_reassembly/r03/soft_standard","native_saved_reassembly","EXACT","-(Bq^2*CF) + (2*CF)/eps^2 - (4*Bq*CF)/eta - (4*CF)/(eps*eta) - (CF*Pi^2)/6 + 2*Bq*CF*V + (2*CF*V)/eps","-(Bq^2*CF) + (2*CF)/eps^2 - (4*Bq*CF)/eta - (4*CF)/(eps*eta) - (CF*Pi^2)/6 + 2*Bq*CF*V + (2*CF*V)/eps","0","0","0 (symbolic)","Fresh native RUSoftCoefficientAssembly, saved sphere and angular/Fourier factors; not a new cut integral."
"soft_reassembly/r03/soft_global","native_saved_reassembly","EXACT","(2*CF)/eps^2 + (Bq*CF)/eps - (2*Bq*CF)/eta - (2*CF)/(eps*eta) - (CF*Pi^2)/6 + Bq*CF*V + (CF*V)/eps + 2*Bq*CF*Y + (2*CF*Y)/eps","(2*CF)/eps^2 + (Bq*CF)/eps - (2*Bq*CF)/eta - (2*CF)/(eps*eta) - (CF*Pi^2)/6 + Bq*CF*V + (CF*V)/eps + 2*Bq*CF*Y + (2*CF*Y)/eps","0","0","0 (symbolic)","Fresh native RUSoftCoefficientAssembly, saved sphere and angular/Fourier factors; not a new cut integral."
"soft_reassembly/r03/soft_injet","native_saved_reassembly","EXACT","-1/2*(Bh^2*CF) + CF/eps^2 - (2*Bh*CF)/eta - (2*CF)/(eps*eta) - Bh*CF*g - (CF*g)/eps - (CF*Pi^2)/12 + Bh*CF*V + (CF*V)/eps","-1/2*(Bh^2*CF) + CF/eps^2 - (2*Bh*CF)/eta - (2*CF)/(eps*eta) - Bh*CF*g - (CF*g)/eps - (CF*Pi^2)/12 + Bh*CF*V + (CF*V)/eps","0","0","0 (symbolic)","Fresh native RUSoftCoefficientAssembly, saved sphere and angular/Fourier factors; not a new cut integral."
"soft_reassembly/r03/soft_cs_out","native_saved_reassembly","EXACT","-1/2*(Bq^2*CF) - CF/eps^2 - (Bq*CF)/eps + (CF*Pi^2)/12 + Bq*CF*r + (CF*r)/eps - (CF*r^2)/2","-1/2*(Bq^2*CF) - CF/eps^2 - (Bq*CF)/eps + (CF*Pi^2)/12 + Bq*CF*r + (CF*r)/eps - (CF*r^2)/2","0","0","0 (symbolic)","Fresh native RUSoftCoefficientAssembly, saved sphere and angular/Fourier factors; not a new cut integral."
"soft_reassembly/r03/recoil_soft_bare","native_saved_reassembly","EXACT","Bq*CF*r + (CF*r)/eps - (CF*r^2)/2 + 2*Bq*CF*Y + (2*CF*Y)/eps","Bq*CF*r + (CF*r)/eps - (CF*r^2)/2 + 2*Bq*CF*Y + (2*CF*Y)/eps","0","0","0 (symbolic)","Fresh native RUSoftCoefficientAssembly, saved sphere and angular/Fourier factors; not a new cut integral."
"soft_reassembly/r03/recoil_soft_finite","native_saved_reassembly","EXACT","Bq*CF*r - (CF*r^2)/2 + 2*Bq*CF*Y","Bq*CF*r - (CF*r^2)/2 + 2*Bq*CF*Y","0","0","0 (symbolic)","Fresh native RUSoftCoefficientAssembly, saved sphere and angular/Fourier factors; not a new cut integral."
"soft_reassembly/r03/jet_common_overlap","native_saved_reassembly","EXACT","-1/2*(Bh^2*CF) + CF/eps^2 - (2*Bh*CF)/eta - (2*CF)/(eps*eta) - Bh*CF*g - (CF*g)/eps - (CF*Pi^2)/12 + Bh*CF*V + (CF*V)/eps","-1/2*(Bh^2*CF) + CF/eps^2 - (2*Bh*CF)/eta - (2*CF)/(eps*eta) - Bh*CF*g - (CF*g)/eps - (CF*Pi^2)/12 + Bh*CF*V + (CF*V)/eps","0","0","0 (symbolic)","Fresh native RUSoftCoefficientAssembly, saved sphere and angular/Fourier factors; not a new cut integral."
"soft_reassembly/r03/jet_comparison_bare","native_saved_reassembly","EXACT","-1/2*(B^2*CF) + CF/eps^2 - (2*B*CF)/eta - (2*CF)/(eps*eta) - (CF*Pi^2)/12","-1/2*(B^2*CF) + CF/eps^2 - (2*B*CF)/eta - (2*CF)/(eps*eta) - (CF*Pi^2)/12","0","0","0 (symbolic)","Fresh native RUSoftCoefficientAssembly, saved sphere and angular/Fourier factors; not a new cut integral."
"soft_reassembly/r03/jet_comparison_overlap","native_saved_reassembly","EXACT","-1/2*(B^2*CF) + CF/eps^2 - (2*B*CF)/eta - (2*CF)/(eps*eta) - (CF*Pi^2)/12","-1/2*(B^2*CF) + CF/eps^2 - (2*B*CF)/eta - (2*CF)/(eps*eta) - (CF*Pi^2)/12","0","0","0 (symbolic)","Fresh native RUSoftCoefficientAssembly, saved sphere and angular/Fourier factors; not a new cut integral."
"soft_reassembly/r03/jet_UU_bare_remainder","native_saved_reassembly","EXACT","0","0","0","0","0 (symbolic)","Fresh native RUSoftCoefficientAssembly, saved sphere and angular/Fourier factors; not a new cut integral."
"soft_reassembly/r03/jet_UT_bare_remainder","native_saved_reassembly","EXACT","0","0","0","0","0 (symbolic)","Fresh native RUSoftCoefficientAssembly, saved sphere and angular/Fourier factors; not a new cut integral."
"soft_shift_with_poles","soft_separation","EXACT","-1/2*(Bh^2*CF) + CF/eps^2 - (2*Bh*CF)/eta - (2*CF)/(eps*eta) - Bh*CF*g - (CF*g)/eps - (CF*Pi^2)/12 + Bh*CF*V + (CF*V)/eps","(-(Bh^2*CF) + (2*CF)/eps^2 - (4*Bh*CF)/eta - (4*CF)/(eps*eta) - (CF*Pi^2)/6 + 2*Bh*CF*(-g + V) + (2*CF*(-g + V))/eps)/2","0","0","0 (symbolic)","eta before eps; poles retained; Bh and Bq refer to different Fourier momenta."
"soft_rapidity_native","soft_separation","EXACT","-2*Bh*CF","-2*Bh*CF","0","0","0 (symbolic)",""
"soft_plus_unsubtracted_TMD","soft_separation","EXACT","0","0","0","0","0 (symbolic)",""
"local_zetaJ","conventions","EXACT","pJT^2*R^2","pJT^2*R^2","0","0","0 (symbolic)",""
"native_fourier/Gaussian","native_saved_reassembly","EXACT","Sqrt[Pi]/(E^(bb^2/(4*ss))*Sqrt[ss])","Sqrt[Pi]/(E^(bb^2/(4*ss))*Sqrt[ss])","0","0","0 (symbolic)",""
"native_fourier/full_D_scalar","native_saved_reassembly","EXACT","((bb^2)^eps*E^(eps*EulerGamma)*Gamma[-eps])/4^eps","((bb^2)^eps*E^(eps*EulerGamma)*Gamma[-eps])/4^eps","0","0","0 (symbolic)",""
"native_fourier/full_D_rank_one","native_saved_reassembly","EXACT","(-I)*2^(-1 - 2*eps)*bb*(bb^2)^eps*E^(eps*EulerGamma)*(1 + eps)*Gamma[-1 - eps]","(-I)*2^(-1 - 2*eps)*bb*(bb^2)^eps*E^(eps*EulerGamma)*(1 + eps)*Gamma[-1 - eps]","0","0","0 (symbolic)",""
"native_fourier/operator_angular_conversion","native_saved_reassembly","EXACT","1/(Gamma[1 - eps]*Gamma[1 + eps])","1/(Gamma[1 - eps]*Gamma[1 + eps])","0","0","0 (symbolic)",""
"native_fourier/ratio_to_native_sphere","native_saved_reassembly","EXACT","-((E^(eps*(B - 2*EulerGamma))*Gamma[1 - eps])/(eps*Gamma[1 + eps]))","-((E^(eps*(B - 2*EulerGamma))*Gamma[1 - eps])/(eps*Gamma[1 + eps]))","0","0","0 (symbolic)",""
"native_fourier/fragmentation_phase_ratio","native_saved_reassembly","EXACT","z^(-2*eps)","z^(-2*eps)","0","0","0 (symbolic)",""
"Gaussian_forward_U","Fourier_conversion","EXACT","(ampU*Pi)/(beta*E^(bb^2/(4*beta*zh^2)))","(ampU*Pi)/(beta*E^(bb^2/(4*beta*zh^2)))","0","0","0 (symbolic)",""
"Gaussian_forward_C","Fourier_conversion","EXACT","-((ampT*Pi)/(beta^2*E^(bb^2/(4*beta*zh^2))*Mh*zh))","-((ampT*Pi)/(beta^2*E^(bb^2/(4*beta*zh^2))*Mh*zh))","0","0","0 (symbolic)",""
"Gaussian_inverse_U","Fourier_conversion","EXACT","ampU/E^(beta*jT^2)","ampU/E^(beta*jT^2)","0","0","0 (symbolic)",""
"Gaussian_inverse_T","Fourier_conversion","EXACT","(ampT*jT)/(E^(beta*jT^2)*Mh*zh)","(ampT*jT)/(E^(beta*jT^2)*Mh*zh)","0","0","0 (symbolic)",""
"native_U_radial_measure","Fourier_conversion","EXACT","(bh*BesselJ[0, (bh*jT)/zh]*dInput[bh])/(2*Pi*zh^2)","(bh*BesselJ[0, (bh*jT)/zh]*dInput[bh])/(2*Pi*zh^2)","0","0","0 (symbolic)",""
"native_T_signed_radial_measure","Fourier_conversion","EXACT","(bh^2*BesselJ[1, (bh*jT)/zh]*cInput[bh])/(4*Pi*zh^3)","(bh^2*BesselJ[1, (bh*jT)/zh]*cInput[bh])/(4*Pi*zh^3)","0","0","0 (symbolic)","Comparison applies the declared native-HC/Trento radial sign; full hard angular frames are not identified."
"analyzer_local_sine","conventions","EXACT","-((jT*Cos[phiS]*Sin[phiH])/(Mh*zh)) + (jT*Cos[phiH]*Sin[phiS])/(Mh*zh)","-((jT*Sin[phiH - phiS])/(Mh*zh))","0","0","0 (symbolic)",""
"saved_ep_UU_convolution","native_saved_reassembly","EXACT","(-1/2*(Bh^2*CF) - (CF*Pi^2)/12 + Bh*CF*Th)*FFq[zh] - 2*Bh*CF*(FFq[zh]*Log[1 - zh] + Inactive[Integrate][(-FFq[zh] + FFq[zh/u]/u)/(1 - u), {u, zh, 1}]) + Inactive[Integrate][(FFg[zh/u]*(2*Bh*CF - (2*Bh*CF)/u + CF*u - Bh*CF*u - 4*CF*Log[u] + (4*CF*Log[u])/u + 2*CF*u*Log[u]))/u, {u, zh, 1}] + Inactive[Integrate][(FFq[zh/u]*(-(CF/(-1 + u)) - (Bh*CF)/(-1 + u) + (2*CF*u)/(-1 + u) - (CF*u^2)/(-1 + u) + (Bh*CF*u^2)/(-1 + u) - (2*CF*Log[u])/(-1 + u) - (2*CF*u^2*Log[u])/(-1 + u)))/u, {u, zh, 1}]","(-1/2*(Bh^2*CF) - (CF*Pi^2)/12 + Bh*CF*Th)*FFq[zh] - 2*Bh*CF*(FFq[zh]*Log[1 - zh] + Inactive[Integrate][(-FFq[zh] + FFq[zh/u]/u)/(1 - u), {u, zh, 1}]) + Inactive[Integrate][(FFg[zh/u]*(2*Bh*CF - (2*Bh*CF)/u + CF*u - Bh*CF*u - 4*CF*Log[u] + (4*CF*Log[u])/u + 2*CF*u*Log[u]))/u, {u, zh, 1}] + Inactive[Integrate][(FFq[zh/u]*(-(CF/(-1 + u)) - (Bh*CF)/(-1 + u) + (2*CF*u)/(-1 + u) - (CF*u^2)/(-1 + u) + (Bh*CF*u^2)/(-1 + u) - (2*CF*Log[u])/(-1 + u) - (2*CF*u^2*Log[u])/(-1 + u)))/u, {u, zh, 1}]","0","0","0 (symbolic)",""
"saved_ep_UT_convolution","native_saved_reassembly","EXACT","(-1/2*(Bh^2*CF) - (CF*Pi^2)/12 + Bh*CF*Th)*Hhatq[zh] - 2*Bh*CF*(Hhatq[zh]*Log[1 - zh] + Inactive[Integrate][(-Hhatq[zh] + Hhatq[zh/u]/u)/(1 - u), {u, zh, 1}]) + Inactive[Integrate][(Hhatq[zh/u]*((-2*Bh*CF)/(-1 + u) + (2*Bh*CF*u)/(-1 + u) - (4*CF*u*Log[u])/(-1 + u)))/u, {u, zh, 1}]","(-1/2*(Bh^2*CF) - (CF*Pi^2)/12 + Bh*CF*Th)*Hhatq[zh] - 2*Bh*CF*(Hhatq[zh]*Log[1 - zh] + Inactive[Integrate][(-Hhatq[zh] + Hhatq[zh/u]/u)/(1 - u), {u, zh, 1}]) + Inactive[Integrate][(Hhatq[zh/u]*((-2*Bh*CF)/(-1 + u) + (2*Bh*CF*u)/(-1 + u) - (4*CF*u*Log[u])/(-1 + u)))/u, {u, zh, 1}]","0","0","0 (symbolic)",""
"saved_ep_HF_action","native_saved_reassembly","EXACT","2*Inactive[Integrate][0, {u, zh, 1}] + Inactive[Integrate][0, {v, 0, 1}] + Log[1 - zh]*Inactive[Integrate][0, {v, 0, 1}] + (Log[1 - zh]^2*Inactive[Integrate][0, {v, 0, 1}])/2 + Inactive[Integrate][Inactive[Integrate][(-(CA/((-1 + v)^2*(-1 + u*v))) + (2*CF)/((-1 + v)^2*(-1 + u*v)) + (CA*u)/((-1 + v)^2*(-1 + u*v)) - (Bh*CA*u)/((-1 + v)^2*(-1 + u*v)) - (2*CF*u)/((-1 + v)^2*(-1 + u*v)) + (2*Bh*CF*u)/((-1 + v)^2*(-1 + u*v)) + (Bh*CA*u^2)/((-1 + v)^2*(-1 + u*v)) - (2*Bh*CF*u^2)/((-1 + v)^2*(-1 + u*v)) - (4*CF*v)/((-1 + v)^2*(-1 + u*v)) + (2*CA*u*v)/((-1 + v)^2*(-1 + u*v)) - (Bh*CA*u*v)/((-1 + v)^2*(-1 + u*v)) + (2*CF*u*v)/((-1 + v)^2*(-1 + u*v)) - (2*Bh*CF*u*v)/((-1 + v)^2*(-1 + u*v)) - (2*CA*u^2*v)/((-1 + v)^2*(-1 + u*v)) + (2*CF*u^2*v)/((-1 + v)^2*(-1 + u*v)) + (2*Bh*CF*u^2*v)/((-1 + v)^2*(-1 + u*v)) + (2*Bh*CF*u^3*v)/((-1 + v)^2*(-1 + u*v)) + (2*CF*v^2)/((-1 + v)^2*(-1 + u*v)) + (2*CF*u*v^2)/((-1 + v)^2*(-1 + u*v)) - (CA*u^2*v^2)/((-1 + v)^2*(-1 + u*v)) + (Bh*CA*u^2*v^2)/((-1 + v)^2*(-1 + u*v)) - (4*CF*u^2*v^2)/((-1 + v)^2*(-1 + u*v)) + (CA*u^3*v^2)/((-1 + v)^2*(-1 + u*v)) - (4*Bh*CF*u^3*v^2)/((-1 + v)^2*(-1 + u*v)) - (2*CF*u*v^3)/((-1 + v)^2*(-1 + u*v)) + (2*CF*u^2*v^3)/((-1 + v)^2*(-1 + u*v)) + (2*Bh*CF*u^3*v^3)/((-1 + v)^2*(-1 + u*v)) + (2*CA*u*Log[u])/((-1 + v)^2*(-1 + u*v)) - (4*CF*u*Log[u])/((-1 + v)^2*(-1 + u*v)) - (2*CA*u^2*Log[u])/((-1 + v)^2*(-1 + u*v)) + (4*CF*u^2*Log[u])/((-1 + v)^2*(-1 + u*v)) + (2*CA*u*v*Log[u])/((-1 + v)^2*(-1 + u*v)) + (4*CF*u*v*Log[u])/((-1 + v)^2*(-1 + u*v)) - (4*CF*u^2*v*Log[u])/((-1 + v)^2*(-1 + u*v)) - (4*CF*u^3*v*Log[u])/((-1 + v)^2*(-1 + u*v)) - (2*CA*u^2*v^2*Log[u])/((-1 + v)^2*(-1 + u*v)) + (8*CF*u^3*v^2*Log[u])/((-1 + v)^2*(-1 + u*v)) - (4*CF*u^3*v^3*Log[u])/((-1 + v)^2*(-1 + u*v)))*(-(HFNative[flavor, zh/u, zh/u, mu]/u) + HFNative[flavor, zh/u, zh/(u*v), mu]/u + ((-1 + v)*zh*Derivative[0, 0, 1, 0][HFNative][flavor, zh/u, zh/u, mu])/u^2), {v, 0, 1}], {u, zh, 1}]","2*Inactive[Integrate][0, {u, zh, 1}] + Inactive[Integrate][0, {v, 0, 1}] + Log[1 - zh]*Inactive[Integrate][0, {v, 0, 1}] + (Log[1 - zh]^2*Inactive[Integrate][0, {v, 0, 1}])/2 + Inactive[Integrate][Inactive[Integrate][(-(CA/((-1 + v)^2*(-1 + u*v))) + (2*CF)/((-1 + v)^2*(-1 + u*v)) + (CA*u)/((-1 + v)^2*(-1 + u*v)) - (Bh*CA*u)/((-1 + v)^2*(-1 + u*v)) - (2*CF*u)/((-1 + v)^2*(-1 + u*v)) + (2*Bh*CF*u)/((-1 + v)^2*(-1 + u*v)) + (Bh*CA*u^2)/((-1 + v)^2*(-1 + u*v)) - (2*Bh*CF*u^2)/((-1 + v)^2*(-1 + u*v)) - (4*CF*v)/((-1 + v)^2*(-1 + u*v)) + (2*CA*u*v)/((-1 + v)^2*(-1 + u*v)) - (Bh*CA*u*v)/((-1 + v)^2*(-1 + u*v)) + (2*CF*u*v)/((-1 + v)^2*(-1 + u*v)) - (2*Bh*CF*u*v)/((-1 + v)^2*(-1 + u*v)) - (2*CA*u^2*v)/((-1 + v)^2*(-1 + u*v)) + (2*CF*u^2*v)/((-1 + v)^2*(-1 + u*v)) + (2*Bh*CF*u^2*v)/((-1 + v)^2*(-1 + u*v)) + (2*Bh*CF*u^3*v)/((-1 + v)^2*(-1 + u*v)) + (2*CF*v^2)/((-1 + v)^2*(-1 + u*v)) + (2*CF*u*v^2)/((-1 + v)^2*(-1 + u*v)) - (CA*u^2*v^2)/((-1 + v)^2*(-1 + u*v)) + (Bh*CA*u^2*v^2)/((-1 + v)^2*(-1 + u*v)) - (4*CF*u^2*v^2)/((-1 + v)^2*(-1 + u*v)) + (CA*u^3*v^2)/((-1 + v)^2*(-1 + u*v)) - (4*Bh*CF*u^3*v^2)/((-1 + v)^2*(-1 + u*v)) - (2*CF*u*v^3)/((-1 + v)^2*(-1 + u*v)) + (2*CF*u^2*v^3)/((-1 + v)^2*(-1 + u*v)) + (2*Bh*CF*u^3*v^3)/((-1 + v)^2*(-1 + u*v)) + (2*CA*u*Log[u])/((-1 + v)^2*(-1 + u*v)) - (4*CF*u*Log[u])/((-1 + v)^2*(-1 + u*v)) - (2*CA*u^2*Log[u])/((-1 + v)^2*(-1 + u*v)) + (4*CF*u^2*Log[u])/((-1 + v)^2*(-1 + u*v)) + (2*CA*u*v*Log[u])/((-1 + v)^2*(-1 + u*v)) + (4*CF*u*v*Log[u])/((-1 + v)^2*(-1 + u*v)) - (4*CF*u^2*v*Log[u])/((-1 + v)^2*(-1 + u*v)) - (4*CF*u^3*v*Log[u])/((-1 + v)^2*(-1 + u*v)) - (2*CA*u^2*v^2*Log[u])/((-1 + v)^2*(-1 + u*v)) + (8*CF*u^3*v^2*Log[u])/((-1 + v)^2*(-1 + u*v)) - (4*CF*u^3*v^3*Log[u])/((-1 + v)^2*(-1 + u*v)))*(-(HFNative[flavor, zh/u, zh/u, mu]/u) + HFNative[flavor, zh/u, zh/(u*v), mu]/u + ((-1 + v)*zh*Derivative[0, 0, 1, 0][HFNative][flavor, zh/u, zh/u, mu])/u^2), {v, 0, 1}], {u, zh, 1}]","0","0","0 (symbolic)",""
"HF_test_endpoint_value","test_input_scope","EXACT","0","0","0","0","0 (symbolic)",""
"HF_test_endpoint_derivative","test_input_scope","EXACT","0","0","0","0","0 (symbolic)","Nonzero polarized two-fraction test in the inherited endpoint class; generic contacts remain uncertified."
"ep_isolated_fragmentation_U1","assembly_order","EXACT","D1","D1","0","0","0 (symbolic)",""
"ep_isolated_fragmentation_T1","assembly_order","EXACT","C1","C1","0","0","0 (symbolic)",""
"highpt_fragmentation_order","assembly_order","EXACT","a*F0 + a^2*(F1 + F0*j1)","a*F0 + a^2*(F1 + F0*j1)","0","0","0 (symbolic)","One-loop fragmentation is O(a) relative to each workflow's different Born order. Hhighpt starts at a."
"saved_highpt/UU/LO","native_saved_reassembly","EXACT","Inactive[Sum][(Q2*f1[{i, sigma}, ((Q2 + pJT*Sqrt[Q2]*(-u^(-1) + u))*xB)/(Q2 - (pJT*Sqrt[Q2])/u), muCommon]*((-32*(-1 + Nc)*(1 + Nc)*Pi^3*(2*Q2^4 + 2*Q2^3*(-Q2 - pJT*Sqrt[Q2]*(-u^(-1) + u)) + Q2^2*(-Q2 - pJT*Sqrt[Q2]*(-u^(-1) + u))^2 + 6*Q2^4*(-1 + (Q2 + pJT*Sqrt[Q2]*(-u^(-1) + u))/(Q2 - (pJT*Sqrt[Q2])/u)) + 2*Q2^3*(-Q2 - pJT*Sqrt[Q2]*(-u^(-1) + u))*(-1 + (Q2 + pJT*Sqrt[Q2]*(-u^(-1) + u))/(Q2 - (pJT*Sqrt[Q2])/u)) + 7*Q2^4*(-1 + (Q2 + pJT*Sqrt[Q2]*(-u^(-1) + u))/(Q2 - (pJT*Sqrt[Q2])/u))^2 + Q2^2*(-Q2 - pJT*Sqrt[Q2]*(-u^(-1) + u))^2*(-1 + (Q2 + pJT*Sqrt[Q2]*(-u^(-1) + u))/(Q2 - (pJT*Sqrt[Q2])/u))^2 + 4*Q2^4*(-1 + (Q2 + pJT*Sqrt[Q2]*(-u^(-1) + u))/(Q2 - (pJT*Sqrt[Q2])/u))^3 + Q2^4*(-1 + (Q2 + pJT*Sqrt[Q2]*(-u^(-1) + u))/(Q2 - (pJT*Sqrt[Q2])/u))^4)*(1 + (1 - y)^2)*quarkCharge[i]^2)/(Nc*Q2*(-Q2 - pJT*Sqrt[Q2]*(-u^(-1) + u))*(-1 + (Q2 + pJT*Sqrt[Q2]*(-u^(-1) + u))/(Q2 - (pJT*Sqrt[Q2])/u))*(Q2 + Q2*(-1 + (Q2 + pJT*Sqrt[Q2]*(-u^(-1) + u))/(Q2 - (pJT*Sqrt[Q2])/u)))^2) + 4*(1 - y)*((16*(-1 + Nc)*(1 + Nc)*Pi^3*(2*Q2^4 + 2*Q2^3*(-Q2 - pJT*Sqrt[Q2]*(-u^(-1) + u)) + Q2^2*(-Q2 - pJT*Sqrt[Q2]*(-u^(-1) + u))^2 + 6*Q2^4*(-1 + (Q2 + pJT*Sqrt[Q2]*(-u^(-1) + u))/(Q2 - (pJT*Sqrt[Q2])/u)) + 2*Q2^3*(-Q2 - pJT*Sqrt[Q2]*(-u^(-1) + u))*(-1 + (Q2 + pJT*Sqrt[Q2]*(-u^(-1) + u))/(Q2 - (pJT*Sqrt[Q2])/u)) + 7*Q2^4*(-1 + (Q2 + pJT*Sqrt[Q2]*(-u^(-1) + u))/(Q2 - (pJT*Sqrt[Q2])/u))^2 + Q2^2*(-Q2 - pJT*Sqrt[Q2]*(-u^(-1) + u))^2*(-1 + (Q2 + pJT*Sqrt[Q2]*(-u^(-1) + u))/(Q2 - (pJT*Sqrt[Q2])/u))^2 + 4*Q2^4*(-1 + (Q2 + pJT*Sqrt[Q2]*(-u^(-1) + u))/(Q2 - (pJT*Sqrt[Q2])/u))^3 + Q2^4*(-1 + (Q2 + pJT*Sqrt[Q2]*(-u^(-1) + u))/(Q2 - (pJT*Sqrt[Q2])/u))^4)*quarkCharge[i]^2)/(Nc*Q2*(-Q2 - pJT*Sqrt[Q2]*(-u^(-1) + u))*(-1 + (Q2 + pJT*Sqrt[Q2]*(-u^(-1) + u))/(Q2 - (pJT*Sqrt[Q2])/u))*(Q2 + Q2*(-1 + (Q2 + pJT*Sqrt[Q2]*(-u^(-1) + u))/(Q2 - (pJT*Sqrt[Q2])/u)))^2) - (16*(-1 + Nc)*(1 + Nc)*Pi^3*(2*Q2^4 + 2*Q2^3*(-Q2 - pJT*Sqrt[Q2]*(-u^(-1) + u)) + Q2^2*(-Q2 - pJT*Sqrt[Q2]*(-u^(-1) + u))^2 + 6*Q2^4*(-1 + (Q2 + pJT*Sqrt[Q2]*(-u^(-1) + u))/(Q2 - (pJT*Sqrt[Q2])/u)) - 2*Q2^3*(-Q2 - pJT*Sqrt[Q2]*(-u^(-1) + u))*(-1 + (Q2 + pJT*Sqrt[Q2]*(-u^(-1) + u))/(Q2 - (pJT*Sqrt[Q2])/u)) - 4*Q2^2*(-Q2 - pJT*Sqrt[Q2]*(-u^(-1) + u))^2*(-1 + (Q2 + pJT*Sqrt[Q2]*(-u^(-1) + u))/(Q2 - (pJT*Sqrt[Q2])/u)) + 7*Q2^4*(-1 + (Q2 + pJT*Sqrt[Q2]*(-u^(-1) + u))/(Q2 - (pJT*Sqrt[Q2])/u))^2 - 4*Q2^3*(-Q2 - pJT*Sqrt[Q2]*(-u^(-1) + u))*(-1 + (Q2 + pJT*Sqrt[Q2]*(-u^(-1) + u))/(Q2 - (pJT*Sqrt[Q2])/u))^2 + Q2^2*(-Q2 - pJT*Sqrt[Q2]*(-u^(-1) + u))^2*(-1 + (Q2 + pJT*Sqrt[Q2]*(-u^(-1) + u))/(Q2 - (pJT*Sqrt[Q2])/u))^2 + 4*Q2^4*(-1 + (Q2 + pJT*Sqrt[Q2]*(-u^(-1) + u))/(Q2 - (pJT*Sqrt[Q2])/u))^3 + Q2^4*(-1 + (Q2 + pJT*Sqrt[Q2]*(-u^(-1) + u))/(Q2 - (pJT*Sqrt[Q2])/u))^4)*quarkCharge[i]^2)/(Nc*Q2*(-Q2 - pJT*Sqrt[Q2]*(-u^(-1) + u))*(-1 + (Q2 + pJT*Sqrt[Q2]*(-u^(-1) + u))/(Q2 - (pJT*Sqrt[Q2])/u))*(Q2 + Q2*(-1 + (Q2 + pJT*Sqrt[Q2]*(-u^(-1) + u))/(Q2 - (pJT*Sqrt[Q2])/u)))^2)))*Inactive[Integrate][ncBoundb*BesselJ[0, (jT*ncBoundb)/zh]*D1Tilde[{i, sigma}, zh, ncBoundb, muCommon, pJT^2*R^2], {ncBoundb, 0, Infinity}])/(2*Pi*(Q2 + pJT*Sqrt[Q2]*(-u^(-1) + u))*y^2), {i, 1, Nf}, {sigma, {-1, 1}}]","Inactive[Sum][(Q2*f1[{i, sigma}, ((Q2 + pJT*Sqrt[Q2]*(-u^(-1) + u))*xB)/(Q2 - (pJT*Sqrt[Q2])/u), muCommon]*((-32*(-1 + Nc)*(1 + Nc)*Pi^3*(2*Q2^4 + 2*Q2^3*(-Q2 - pJT*Sqrt[Q2]*(-u^(-1) + u)) + Q2^2*(-Q2 - pJT*Sqrt[Q2]*(-u^(-1) + u))^2 + 6*Q2^4*(-1 + (Q2 + pJT*Sqrt[Q2]*(-u^(-1) + u))/(Q2 - (pJT*Sqrt[Q2])/u)) + 2*Q2^3*(-Q2 - pJT*Sqrt[Q2]*(-u^(-1) + u))*(-1 + (Q2 + pJT*Sqrt[Q2]*(-u^(-1) + u))/(Q2 - (pJT*Sqrt[Q2])/u)) + 7*Q2^4*(-1 + (Q2 + pJT*Sqrt[Q2]*(-u^(-1) + u))/(Q2 - (pJT*Sqrt[Q2])/u))^2 + Q2^2*(-Q2 - pJT*Sqrt[Q2]*(-u^(-1) + u))^2*(-1 + (Q2 + pJT*Sqrt[Q2]*(-u^(-1) + u))/(Q2 - (pJT*Sqrt[Q2])/u))^2 + 4*Q2^4*(-1 + (Q2 + pJT*Sqrt[Q2]*(-u^(-1) + u))/(Q2 - (pJT*Sqrt[Q2])/u))^3 + Q2^4*(-1 + (Q2 + pJT*Sqrt[Q2]*(-u^(-1) + u))/(Q2 - (pJT*Sqrt[Q2])/u))^4)*(1 + (1 - y)^2)*quarkCharge[i]^2)/(Nc*Q2*(-Q2 - pJT*Sqrt[Q2]*(-u^(-1) + u))*(-1 + (Q2 + pJT*Sqrt[Q2]*(-u^(-1) + u))/(Q2 - (pJT*Sqrt[Q2])/u))*(Q2 + Q2*(-1 + (Q2 + pJT*Sqrt[Q2]*(-u^(-1) + u))/(Q2 - (pJT*Sqrt[Q2])/u)))^2) + 4*(1 - y)*((16*(-1 + Nc)*(1 + Nc)*Pi^3*(2*Q2^4 + 2*Q2^3*(-Q2 - pJT*Sqrt[Q2]*(-u^(-1) + u)) + Q2^2*(-Q2 - pJT*Sqrt[Q2]*(-u^(-1) + u))^2 + 6*Q2^4*(-1 + (Q2 + pJT*Sqrt[Q2]*(-u^(-1) + u))/(Q2 - (pJT*Sqrt[Q2])/u)) + 2*Q2^3*(-Q2 - pJT*Sqrt[Q2]*(-u^(-1) + u))*(-1 + (Q2 + pJT*Sqrt[Q2]*(-u^(-1) + u))/(Q2 - (pJT*Sqrt[Q2])/u)) + 7*Q2^4*(-1 + (Q2 + pJT*Sqrt[Q2]*(-u^(-1) + u))/(Q2 - (pJT*Sqrt[Q2])/u))^2 + Q2^2*(-Q2 - pJT*Sqrt[Q2]*(-u^(-1) + u))^2*(-1 + (Q2 + pJT*Sqrt[Q2]*(-u^(-1) + u))/(Q2 - (pJT*Sqrt[Q2])/u))^2 + 4*Q2^4*(-1 + (Q2 + pJT*Sqrt[Q2]*(-u^(-1) + u))/(Q2 - (pJT*Sqrt[Q2])/u))^3 + Q2^4*(-1 + (Q2 + pJT*Sqrt[Q2]*(-u^(-1) + u))/(Q2 - (pJT*Sqrt[Q2])/u))^4)*quarkCharge[i]^2)/(Nc*Q2*(-Q2 - pJT*Sqrt[Q2]*(-u^(-1) + u))*(-1 + (Q2 + pJT*Sqrt[Q2]*(-u^(-1) + u))/(Q2 - (pJT*Sqrt[Q2])/u))*(Q2 + Q2*(-1 + (Q2 + pJT*Sqrt[Q2]*(-u^(-1) + u))/(Q2 - (pJT*Sqrt[Q2])/u)))^2) - (16*(-1 + Nc)*(1 + Nc)*Pi^3*(2*Q2^4 + 2*Q2^3*(-Q2 - pJT*Sqrt[Q2]*(-u^(-1) + u)) + Q2^2*(-Q2 - pJT*Sqrt[Q2]*(-u^(-1) + u))^2 + 6*Q2^4*(-1 + (Q2 + pJT*Sqrt[Q2]*(-u^(-1) + u))/(Q2 - (pJT*Sqrt[Q2])/u)) - 2*Q2^3*(-Q2 - pJT*Sqrt[Q2]*(-u^(-1) + u))*(-1 + (Q2 + pJT*Sqrt[Q2]*(-u^(-1) + u))/(Q2 - (pJT*Sqrt[Q2])/u)) - 4*Q2^2*(-Q2 - pJT*Sqrt[Q2]*(-u^(-1) + u))^2*(-1 + (Q2 + pJT*Sqrt[Q2]*(-u^(-1) + u))/(Q2 - (pJT*Sqrt[Q2])/u)) + 7*Q2^4*(-1 + (Q2 + pJT*Sqrt[Q2]*(-u^(-1) + u))/(Q2 - (pJT*Sqrt[Q2])/u))^2 - 4*Q2^3*(-Q2 - pJT*Sqrt[Q2]*(-u^(-1) + u))*(-1 + (Q2 + pJT*Sqrt[Q2]*(-u^(-1) + u))/(Q2 - (pJT*Sqrt[Q2])/u))^2 + Q2^2*(-Q2 - pJT*Sqrt[Q2]*(-u^(-1) + u))^2*(-1 + (Q2 + pJT*Sqrt[Q2]*(-u^(-1) + u))/(Q2 - (pJT*Sqrt[Q2])/u))^2 + 4*Q2^4*(-1 + (Q2 + pJT*Sqrt[Q2]*(-u^(-1) + u))/(Q2 - (pJT*Sqrt[Q2])/u))^3 + Q2^4*(-1 + (Q2 + pJT*Sqrt[Q2]*(-u^(-1) + u))/(Q2 - (pJT*Sqrt[Q2])/u))^4)*quarkCharge[i]^2)/(Nc*Q2*(-Q2 - pJT*Sqrt[Q2]*(-u^(-1) + u))*(-1 + (Q2 + pJT*Sqrt[Q2]*(-u^(-1) + u))/(Q2 - (pJT*Sqrt[Q2])/u))*(Q2 + Q2*(-1 + (Q2 + pJT*Sqrt[Q2]*(-u^(-1) + u))/(Q2 - (pJT*Sqrt[Q2])/u)))^2)))*Inactive[Integrate][ncBoundb*BesselJ[0, (jT*ncBoundb)/zh]*D1Tilde[{i, sigma}, zh, ncBoundb, muCommon, pJT^2*R^2], {ncBoundb, 0, Infinity}])/(2*Pi*(Q2 + pJT*Sqrt[Q2]*(-u^(-1) + u))*y^2), {i, 1, Nf}, {sigma, {-1, 1}}]","0","0","0 (symbolic)","Actual saved Born bank; unchanged native HSBuildChannelObservable; hard_NLO isolated out."
"saved_highpt/UU/Born_times_jet_NLO","native_saved_reassembly","EXACT","Inactive[Sum][(Inactive[Integrate][ncBoundb*BesselJ[0, (jT*ncBoundb)/zh]*D1Tilde[""g"", zh, ncBoundb, muCommon, pJT^2*R^2], {ncBoundb, 0, Infinity}]*Inactive[Integrate][((-1 + Nc^2)*Q2*f1[{i, sigma}, ((Q2 + (pJT*Sqrt[Q2]*(-u^(-1) + u))/ncBoundzz)*xB)/(Q2 - (pJT*Sqrt[Q2])/(ncBoundzz*u)), muCommon]*(-ncBoundzz^2 - 4*Log[1 - ncBoundzz] + 4*ncBoundzz*Log[1 - ncBoundzz] - 2*ncBoundzz^2*Log[1 - ncBoundzz] + 2*Log[muCommon^2/(pJT^2*R^2)] - 2*ncBoundzz*Log[muCommon^2/(pJT^2*R^2)] + ncBoundzz^2*Log[muCommon^2/(pJT^2*R^2)])*((-32*(-1 + Nc)*(1 + Nc)*Pi^3*(2*Q2^4 + 2*Q2^3*(-Q2 - (pJT*Sqrt[Q2]*(-u^(-1) + u))/ncBoundzz) + Q2^2*(-Q2 - (pJT*Sqrt[Q2]*(-u^(-1) + u))/ncBoundzz)^2 + 6*Q2^4*(-1 + (Q2 + (pJT*Sqrt[Q2]*(-u^(-1) + u))/ncBoundzz)/(Q2 - (pJT*Sqrt[Q2])/(ncBoundzz*u))) + 2*Q2^3*(-Q2 - (pJT*Sqrt[Q2]*(-u^(-1) + u))/ncBoundzz)*(-1 + (Q2 + (pJT*Sqrt[Q2]*(-u^(-1) + u))/ncBoundzz)/(Q2 - (pJT*Sqrt[Q2])/(ncBoundzz*u))) + 7*Q2^4*(-1 + (Q2 + (pJT*Sqrt[Q2]*(-u^(-1) + u))/ncBoundzz)/(Q2 - (pJT*Sqrt[Q2])/(ncBoundzz*u)))^2 + Q2^2*(-Q2 - (pJT*Sqrt[Q2]*(-u^(-1) + u))/ncBoundzz)^2*(-1 + (Q2 + (pJT*Sqrt[Q2]*(-u^(-1) + u))/ncBoundzz)/(Q2 - (pJT*Sqrt[Q2])/(ncBoundzz*u)))^2 + 4*Q2^4*(-1 + (Q2 + (pJT*Sqrt[Q2]*(-u^(-1) + u))/ncBoundzz)/(Q2 - (pJT*Sqrt[Q2])/(ncBoundzz*u)))^3 + Q2^4*(-1 + (Q2 + (pJT*Sqrt[Q2]*(-u^(-1) + u))/ncBoundzz)/(Q2 - (pJT*Sqrt[Q2])/(ncBoundzz*u)))^4)*(1 + (1 - y)^2)*quarkCharge[i]^2)/(Nc*Q2*(-Q2 - (pJT*Sqrt[Q2]*(-u^(-1) + u))/ncBoundzz)*(-1 + (Q2 + (pJT*Sqrt[Q2]*(-u^(-1) + u))/ncBoundzz)/(Q2 - (pJT*Sqrt[Q2])/(ncBoundzz*u)))*(Q2 + Q2*(-1 + (Q2 + (pJT*Sqrt[Q2]*(-u^(-1) + u))/ncBoundzz)/(Q2 - (pJT*Sqrt[Q2])/(ncBoundzz*u))))^2) + 4*(1 - y)*((16*(-1 + Nc)*(1 + Nc)*Pi^3*(2*Q2^4 + 2*Q2^3*(-Q2 - (pJT*Sqrt[Q2]*(-u^(-1) + u))/ncBoundzz) + Q2^2*(-Q2 - (pJT*Sqrt[Q2]*(-u^(-1) + u))/ncBoundzz)^2 + 6*Q2^4*(-1 + (Q2 + (pJT*Sqrt[Q2]*(-u^(-1) + u))/ncBoundzz)/(Q2 - (pJT*Sqrt[Q2])/(ncBoundzz*u))) + 2*Q2^3*(-Q2 - (pJT*Sqrt[Q2]*(-u^(-1) + u))/ncBoundzz)*(-1 + (Q2 + (pJT*Sqrt[Q2]*(-u^(-1) + u))/ncBoundzz)/(Q2 - (pJT*Sqrt[Q2])/(ncBoundzz*u))) + 7*Q2^4*(-1 + (Q2 + (pJT*Sqrt[Q2]*(-u^(-1) + u))/ncBoundzz)/(Q2 - (pJT*Sqrt[Q2])/(ncBoundzz*u)))^2 + Q2^2*(-Q2 - (pJT*Sqrt[Q2]*(-u^(-1) + u))/ncBoundzz)^2*(-1 + (Q2 + (pJT*Sqrt[Q2]*(-u^(-1) + u))/ncBoundzz)/(Q2 - (pJT*Sqrt[Q2])/(ncBoundzz*u)))^2 + 4*Q2^4*(-1 + (Q2 + (pJT*Sqrt[Q2]*(-u^(-1) + u))/ncBoundzz)/(Q2 - (pJT*Sqrt[Q2])/(ncBoundzz*u)))^3 + Q2^4*(-1 + (Q2 + (pJT*Sqrt[Q2]*(-u^(-1) + u))/ncBoundzz)/(Q2 - (pJT*Sqrt[Q2])/(ncBoundzz*u)))^4)*quarkCharge[i]^2)/(Nc*Q2*(-Q2 - (pJT*Sqrt[Q2]*(-u^(-1) + u))/ncBoundzz)*(-1 + (Q2 + (pJT*Sqrt[Q2]*(-u^(-1) + u))/ncBoundzz)/(Q2 - (pJT*Sqrt[Q2])/(ncBoundzz*u)))*(Q2 + Q2*(-1 + (Q2 + (pJT*Sqrt[Q2]*(-u^(-1) + u))/ncBoundzz)/(Q2 - (pJT*Sqrt[Q2])/(ncBoundzz*u))))^2) - (16*(-1 + Nc)*(1 + Nc)*Pi^3*(2*Q2^4 + 2*Q2^3*(-Q2 - (pJT*Sqrt[Q2]*(-u^(-1) + u))/ncBoundzz) + Q2^2*(-Q2 - (pJT*Sqrt[Q2]*(-u^(-1) + u))/ncBoundzz)^2 + 6*Q2^4*(-1 + (Q2 + (pJT*Sqrt[Q2]*(-u^(-1) + u))/ncBoundzz)/(Q2 - (pJT*Sqrt[Q2])/(ncBoundzz*u))) - 2*Q2^3*(-Q2 - (pJT*Sqrt[Q2]*(-u^(-1) + u))/ncBoundzz)*(-1 + (Q2 + (pJT*Sqrt[Q2]*(-u^(-1) + u))/ncBoundzz)/(Q2 - (pJT*Sqrt[Q2])/(ncBoundzz*u))) - 4*Q2^2*(-Q2 - (pJT*Sqrt[Q2]*(-u^(-1) + u))/ncBoundzz)^2*(-1 + (Q2 + (pJT*Sqrt[Q2]*(-u^(-1) + u))/ncBoundzz)/(Q2 - (pJT*Sqrt[Q2])/(ncBoundzz*u))) + 7*Q2^4*(-1 + (Q2 + (pJT*Sqrt[Q2]*(-u^(-1) + u))/ncBoundzz)/(Q2 - (pJT*Sqrt[Q2])/(ncBoundzz*u)))^2 - 4*Q2^3*(-Q2 - (pJT*Sqrt[Q2]*(-u^(-1) + u))/ncBoundzz)*(-1 + (Q2 + (pJT*Sqrt[Q2]*(-u^(-1) + u))/ncBoundzz)/(Q2 - (pJT*Sqrt[Q2])/(ncBoundzz*u)))^2 + Q2^2*(-Q2 - (pJT*Sqrt[Q2]*(-u^(-1) + u))/ncBoundzz)^2*(-1 + (Q2 + (pJT*Sqrt[Q2]*(-u^(-1) + u))/ncBoundzz)/(Q2 - (pJT*Sqrt[Q2])/(ncBoundzz*u)))^2 + 4*Q2^4*(-1 + (Q2 + (pJT*Sqrt[Q2]*(-u^(-1) + u))/ncBoundzz)/(Q2 - (pJT*Sqrt[Q2])/(ncBoundzz*u)))^3 + Q2^4*(-1 + (Q2 + (pJT*Sqrt[Q2]*(-u^(-1) + u))/ncBoundzz)/(Q2 - (pJT*Sqrt[Q2])/(ncBoundzz*u)))^4)*quarkCharge[i]^2)/(Nc*Q2*(-Q2 - (pJT*Sqrt[Q2]*(-u^(-1) + u))/ncBoundzz)*(-1 + (Q2 + (pJT*Sqrt[Q2]*(-u^(-1) + u))/ncBoundzz)/(Q2 - (pJT*Sqrt[Q2])/(ncBoundzz*u)))*(Q2 + Q2*(-1 + (Q2 + (pJT*Sqrt[Q2]*(-u^(-1) + u))/ncBoundzz)/(Q2 - (pJT*Sqrt[Q2])/(ncBoundzz*u))))^2))))/(2*Nc*ncBoundzz^3*(Q2 + (pJT*Sqrt[Q2]*(-u^(-1) + u))/ncBoundzz)*y^2), {ncBoundzz, (pJT*(u^(-1) + (u*xB)/(1 - xB)))/Sqrt[Q2], 1}])/(2*Pi) + (Inactive[Integrate][ncBoundb*BesselJ[0, (jT*ncBoundb)/zh]*D1Tilde[{i, sigma}, zh, ncBoundb, muCommon, pJT^2*R^2], {ncBoundb, 0, Infinity}]*(((-1 + Nc^2)*Q2*f1[{i, sigma}, ((Q2 + pJT*Sqrt[Q2]*(-u^(-1) + u))*xB)/(Q2 - (pJT*Sqrt[Q2])/u), muCommon]*(Pi^2 - 6*Log[muCommon^2/(pJT^2*R^2)]^2)*((-32*(-1 + Nc)*(1 + Nc)*Pi^3*(2*Q2^4 + 2*Q2^3*(-Q2 - pJT*Sqrt[Q2]*(-u^(-1) + u)) + Q2^2*(-Q2 - pJT*Sqrt[Q2]*(-u^(-1) + u))^2 + 6*Q2^4*(-1 + (Q2 + pJT*Sqrt[Q2]*(-u^(-1) + u))/(Q2 - (pJT*Sqrt[Q2])/u)) + 2*Q2^3*(-Q2 - pJT*Sqrt[Q2]*(-u^(-1) + u))*(-1 + (Q2 + pJT*Sqrt[Q2]*(-u^(-1) + u))/(Q2 - (pJT*Sqrt[Q2])/u)) + 7*Q2^4*(-1 + (Q2 + pJT*Sqrt[Q2]*(-u^(-1) + u))/(Q2 - (pJT*Sqrt[Q2])/u))^2 + Q2^2*(-Q2 - pJT*Sqrt[Q2]*(-u^(-1) + u))^2*(-1 + (Q2 + pJT*Sqrt[Q2]*(-u^(-1) + u))/(Q2 - (pJT*Sqrt[Q2])/u))^2 + 4*Q2^4*(-1 + (Q2 + pJT*Sqrt[Q2]*(-u^(-1) + u))/(Q2 - (pJT*Sqrt[Q2])/u))^3 + Q2^4*(-1 + (Q2 + pJT*Sqrt[Q2]*(-u^(-1) + u))/(Q2 - (pJT*Sqrt[Q2])/u))^4)*(1 + (1 - y)^2)*quarkCharge[i]^2)/(Nc*Q2*(-Q2 - pJT*Sqrt[Q2]*(-u^(-1) + u))*(-1 + (Q2 + pJT*Sqrt[Q2]*(-u^(-1) + u))/(Q2 - (pJT*Sqrt[Q2])/u))*(Q2 + Q2*(-1 + (Q2 + pJT*Sqrt[Q2]*(-u^(-1) + u))/(Q2 - (pJT*Sqrt[Q2])/u)))^2) + 4*(1 - y)*((16*(-1 + Nc)*(1 + Nc)*Pi^3*(2*Q2^4 + 2*Q2^3*(-Q2 - pJT*Sqrt[Q2]*(-u^(-1) + u)) + Q2^2*(-Q2 - pJT*Sqrt[Q2]*(-u^(-1) + u))^2 + 6*Q2^4*(-1 + (Q2 + pJT*Sqrt[Q2]*(-u^(-1) + u))/(Q2 - (pJT*Sqrt[Q2])/u)) + 2*Q2^3*(-Q2 - pJT*Sqrt[Q2]*(-u^(-1) + u))*(-1 + (Q2 + pJT*Sqrt[Q2]*(-u^(-1) + u))/(Q2 - (pJT*Sqrt[Q2])/u)) + 7*Q2^4*(-1 + (Q2 + pJT*Sqrt[Q2]*(-u^(-1) + u))/(Q2 - (pJT*Sqrt[Q2])/u))^2 + Q2^2*(-Q2 - pJT*Sqrt[Q2]*(-u^(-1) + u))^2*(-1 + (Q2 + pJT*Sqrt[Q2]*(-u^(-1) + u))/(Q2 - (pJT*Sqrt[Q2])/u))^2 + 4*Q2^4*(-1 + (Q2 + pJT*Sqrt[Q2]*(-u^(-1) + u))/(Q2 - (pJT*Sqrt[Q2])/u))^3 + Q2^4*(-1 + (Q2 + pJT*Sqrt[Q2]*(-u^(-1) + u))/(Q2 - (pJT*Sqrt[Q2])/u))^4)*quarkCharge[i]^2)/(Nc*Q2*(-Q2 - pJT*Sqrt[Q2]*(-u^(-1) + u))*(-1 + (Q2 + pJT*Sqrt[Q2]*(-u^(-1) + u))/(Q2 - (pJT*Sqrt[Q2])/u))*(Q2 + Q2*(-1 + (Q2 + pJT*Sqrt[Q2]*(-u^(-1) + u))/(Q2 - (pJT*Sqrt[Q2])/u)))^2) - (16*(-1 + Nc)*(1 + Nc)*Pi^3*(2*Q2^4 + 2*Q2^3*(-Q2 - pJT*Sqrt[Q2]*(-u^(-1) + u)) + Q2^2*(-Q2 - pJT*Sqrt[Q2]*(-u^(-1) + u))^2 + 6*Q2^4*(-1 + (Q2 + pJT*Sqrt[Q2]*(-u^(-1) + u))/(Q2 - (pJT*Sqrt[Q2])/u)) - 2*Q2^3*(-Q2 - pJT*Sqrt[Q2]*(-u^(-1) + u))*(-1 + (Q2 + pJT*Sqrt[Q2]*(-u^(-1) + u))/(Q2 - (pJT*Sqrt[Q2])/u)) - 4*Q2^2*(-Q2 - pJT*Sqrt[Q2]*(-u^(-1) + u))^2*(-1 + (Q2 + pJT*Sqrt[Q2]*(-u^(-1) + u))/(Q2 - (pJT*Sqrt[Q2])/u)) + 7*Q2^4*(-1 + (Q2 + pJT*Sqrt[Q2]*(-u^(-1) + u))/(Q2 - (pJT*Sqrt[Q2])/u))^2 - 4*Q2^3*(-Q2 - pJT*Sqrt[Q2]*(-u^(-1) + u))*(-1 + (Q2 + pJT*Sqrt[Q2]*(-u^(-1) + u))/(Q2 - (pJT*Sqrt[Q2])/u))^2 + Q2^2*(-Q2 - pJT*Sqrt[Q2]*(-u^(-1) + u))^2*(-1 + (Q2 + pJT*Sqrt[Q2]*(-u^(-1) + u))/(Q2 - (pJT*Sqrt[Q2])/u))^2 + 4*Q2^4*(-1 + (Q2 + pJT*Sqrt[Q2]*(-u^(-1) + u))/(Q2 - (pJT*Sqrt[Q2])/u))^3 + Q2^4*(-1 + (Q2 + pJT*Sqrt[Q2]*(-u^(-1) + u))/(Q2 - (pJT*Sqrt[Q2])/u))^4)*quarkCharge[i]^2)/(Nc*Q2*(-Q2 - pJT*Sqrt[Q2]*(-u^(-1) + u))*(-1 + (Q2 + pJT*Sqrt[Q2]*(-u^(-1) + u))/(Q2 - (pJT*Sqrt[Q2])/u))*(Q2 + Q2*(-1 + (Q2 + pJT*Sqrt[Q2]*(-u^(-1) + u))/(Q2 - (pJT*Sqrt[Q2])/u)))^2))))/(24*Nc*(Q2 + pJT*Sqrt[Q2]*(-u^(-1) + u))*y^2) + ((-1 + Nc^2)*Q2*f1[{i, sigma}, ((Q2 + pJT*Sqrt[Q2]*(-u^(-1) + u))*xB)/(Q2 - (pJT*Sqrt[Q2])/u), muCommon]*Log[muCommon^2/(pJT^2*R^2)]*Log[1 - (pJT*(u^(-1) + (u*xB)/(1 - xB)))/Sqrt[Q2]]*((-32*(-1 + Nc)*(1 + Nc)*Pi^3*(2*Q2^4 + 2*Q2^3*(-Q2 - pJT*Sqrt[Q2]*(-u^(-1) + u)) + Q2^2*(-Q2 - pJT*Sqrt[Q2]*(-u^(-1) + u))^2 + 6*Q2^4*(-1 + (Q2 + pJT*Sqrt[Q2]*(-u^(-1) + u))/(Q2 - (pJT*Sqrt[Q2])/u)) + 2*Q2^3*(-Q2 - pJT*Sqrt[Q2]*(-u^(-1) + u))*(-1 + (Q2 + pJT*Sqrt[Q2]*(-u^(-1) + u))/(Q2 - (pJT*Sqrt[Q2])/u)) + 7*Q2^4*(-1 + (Q2 + pJT*Sqrt[Q2]*(-u^(-1) + u))/(Q2 - (pJT*Sqrt[Q2])/u))^2 + Q2^2*(-Q2 - pJT*Sqrt[Q2]*(-u^(-1) + u))^2*(-1 + (Q2 + pJT*Sqrt[Q2]*(-u^(-1) + u))/(Q2 - (pJT*Sqrt[Q2])/u))^2 + 4*Q2^4*(-1 + (Q2 + pJT*Sqrt[Q2]*(-u^(-1) + u))/(Q2 - (pJT*Sqrt[Q2])/u))^3 + Q2^4*(-1 + (Q2 + pJT*Sqrt[Q2]*(-u^(-1) + u))/(Q2 - (pJT*Sqrt[Q2])/u))^4)*(1 + (1 - y)^2)*quarkCharge[i]^2)/(Nc*Q2*(-Q2 - pJT*Sqrt[Q2]*(-u^(-1) + u))*(-1 + (Q2 + pJT*Sqrt[Q2]*(-u^(-1) + u))/(Q2 - (pJT*Sqrt[Q2])/u))*(Q2 + Q2*(-1 + (Q2 + pJT*Sqrt[Q2]*(-u^(-1) + u))/(Q2 - (pJT*Sqrt[Q2])/u)))^2) + 4*(1 - y)*((16*(-1 + Nc)*(1 + Nc)*Pi^3*(2*Q2^4 + 2*Q2^3*(-Q2 - pJT*Sqrt[Q2]*(-u^(-1) + u)) + Q2^2*(-Q2 - pJT*Sqrt[Q2]*(-u^(-1) + u))^2 + 6*Q2^4*(-1 + (Q2 + pJT*Sqrt[Q2]*(-u^(-1) + u))/(Q2 - (pJT*Sqrt[Q2])/u)) + 2*Q2^3*(-Q2 - pJT*Sqrt[Q2]*(-u^(-1) + u))*(-1 + (Q2 + pJT*Sqrt[Q2]*(-u^(-1) + u))/(Q2 - (pJT*Sqrt[Q2])/u)) + 7*Q2^4*(-1 + (Q2 + pJT*Sqrt[Q2]*(-u^(-1) + u))/(Q2 - (pJT*Sqrt[Q2])/u))^2 + Q2^2*(-Q2 - pJT*Sqrt[Q2]*(-u^(-1) + u))^2*(-1 + (Q2 + pJT*Sqrt[Q2]*(-u^(-1) + u))/(Q2 - (pJT*Sqrt[Q2])/u))^2 + 4*Q2^4*(-1 + (Q2 + pJT*Sqrt[Q2]*(-u^(-1) + u))/(Q2 - (pJT*Sqrt[Q2])/u))^3 + Q2^4*(-1 + (Q2 + pJT*Sqrt[Q2]*(-u^(-1) + u))/(Q2 - (pJT*Sqrt[Q2])/u))^4)*quarkCharge[i]^2)/(Nc*Q2*(-Q2 - pJT*Sqrt[Q2]*(-u^(-1) + u))*(-1 + (Q2 + pJT*Sqrt[Q2]*(-u^(-1) + u))/(Q2 - (pJT*Sqrt[Q2])/u))*(Q2 + Q2*(-1 + (Q2 + pJT*Sqrt[Q2]*(-u^(-1) + u))/(Q2 - (pJT*Sqrt[Q2])/u)))^2) - (16*(-1 + Nc)*(1 + Nc)*Pi^3*(2*Q2^4 + 2*Q2^3*(-Q2 - pJT*Sqrt[Q2]*(-u^(-1) + u)) + Q2^2*(-Q2 - pJT*Sqrt[Q2]*(-u^(-1) + u))^2 + 6*Q2^4*(-1 + (Q2 + pJT*Sqrt[Q2]*(-u^(-1) + u))/(Q2 - (pJT*Sqrt[Q2])/u)) - 2*Q2^3*(-Q2 - pJT*Sqrt[Q2]*(-u^(-1) + u))*(-1 + (Q2 + pJT*Sqrt[Q2]*(-u^(-1) + u))/(Q2 - (pJT*Sqrt[Q2])/u)) - 4*Q2^2*(-Q2 - pJT*Sqrt[Q2]*(-u^(-1) + u))^2*(-1 + (Q2 + pJT*Sqrt[Q2]*(-u^(-1) + u))/(Q2 - (pJT*Sqrt[Q2])/u)) + 7*Q2^4*(-1 + (Q2 + pJT*Sqrt[Q2]*(-u^(-1) + u))/(Q2 - (pJT*Sqrt[Q2])/u))^2 - 4*Q2^3*(-Q2 - pJT*Sqrt[Q2]*(-u^(-1) + u))*(-1 + (Q2 + pJT*Sqrt[Q2]*(-u^(-1) + u))/(Q2 - (pJT*Sqrt[Q2])/u))^2 + Q2^2*(-Q2 - pJT*Sqrt[Q2]*(-u^(-1) + u))^2*(-1 + (Q2 + pJT*Sqrt[Q2]*(-u^(-1) + u))/(Q2 - (pJT*Sqrt[Q2])/u))^2 + 4*Q2^4*(-1 + (Q2 + pJT*Sqrt[Q2]*(-u^(-1) + u))/(Q2 - (pJT*Sqrt[Q2])/u))^3 + Q2^4*(-1 + (Q2 + pJT*Sqrt[Q2]*(-u^(-1) + u))/(Q2 - (pJT*Sqrt[Q2])/u))^4)*quarkCharge[i]^2)/(Nc*Q2*(-Q2 - pJT*Sqrt[Q2]*(-u^(-1) + u))*(-1 + (Q2 + pJT*Sqrt[Q2]*(-u^(-1) + u))/(Q2 - (pJT*Sqrt[Q2])/u))*(Q2 + Q2*(-1 + (Q2 + pJT*Sqrt[Q2]*(-u^(-1) + u))/(Q2 - (pJT*Sqrt[Q2])/u)))^2))))/(Nc*(Q2 + pJT*Sqrt[Q2]*(-u^(-1) + u))*y^2) - ((-1 + Nc^2)*Q2*f1[{i, sigma}, ((Q2 + pJT*Sqrt[Q2]*(-u^(-1) + u))*xB)/(Q2 - (pJT*Sqrt[Q2])/u), muCommon]*Log[1 - (pJT*(u^(-1) + (u*xB)/(1 - xB)))/Sqrt[Q2]]^2*((-32*(-1 + Nc)*(1 + Nc)*Pi^3*(2*Q2^4 + 2*Q2^3*(-Q2 - pJT*Sqrt[Q2]*(-u^(-1) + u)) + Q2^2*(-Q2 - pJT*Sqrt[Q2]*(-u^(-1) + u))^2 + 6*Q2^4*(-1 + (Q2 + pJT*Sqrt[Q2]*(-u^(-1) + u))/(Q2 - (pJT*Sqrt[Q2])/u)) + 2*Q2^3*(-Q2 - pJT*Sqrt[Q2]*(-u^(-1) + u))*(-1 + (Q2 + pJT*Sqrt[Q2]*(-u^(-1) + u))/(Q2 - (pJT*Sqrt[Q2])/u)) + 7*Q2^4*(-1 + (Q2 + pJT*Sqrt[Q2]*(-u^(-1) + u))/(Q2 - (pJT*Sqrt[Q2])/u))^2 + Q2^2*(-Q2 - pJT*Sqrt[Q2]*(-u^(-1) + u))^2*(-1 + (Q2 + pJT*Sqrt[Q2]*(-u^(-1) + u))/(Q2 - (pJT*Sqrt[Q2])/u))^2 + 4*Q2^4*(-1 + (Q2 + pJT*Sqrt[Q2]*(-u^(-1) + u))/(Q2 - (pJT*Sqrt[Q2])/u))^3 + Q2^4*(-1 + (Q2 + pJT*Sqrt[Q2]*(-u^(-1) + u))/(Q2 - (pJT*Sqrt[Q2])/u))^4)*(1 + (1 - y)^2)*quarkCharge[i]^2)/(Nc*Q2*(-Q2 - pJT*Sqrt[Q2]*(-u^(-1) + u))*(-1 + (Q2 + pJT*Sqrt[Q2]*(-u^(-1) + u))/(Q2 - (pJT*Sqrt[Q2])/u))*(Q2 + Q2*(-1 + (Q2 + pJT*Sqrt[Q2]*(-u^(-1) + u))/(Q2 - (pJT*Sqrt[Q2])/u)))^2) + 4*(1 - y)*((16*(-1 + Nc)*(1 + Nc)*Pi^3*(2*Q2^4 + 2*Q2^3*(-Q2 - pJT*Sqrt[Q2]*(-u^(-1) + u)) + Q2^2*(-Q2 - pJT*Sqrt[Q2]*(-u^(-1) + u))^2 + 6*Q2^4*(-1 + (Q2 + pJT*Sqrt[Q2]*(-u^(-1) + u))/(Q2 - (pJT*Sqrt[Q2])/u)) + 2*Q2^3*(-Q2 - pJT*Sqrt[Q2]*(-u^(-1) + u))*(-1 + (Q2 + pJT*Sqrt[Q2]*(-u^(-1) + u))/(Q2 - (pJT*Sqrt[Q2])/u)) + 7*Q2^4*(-1 + (Q2 + pJT*Sqrt[Q2]*(-u^(-1) + u))/(Q2 - (pJT*Sqrt[Q2])/u))^2 + Q2^2*(-Q2 - pJT*Sqrt[Q2]*(-u^(-1) + u))^2*(-1 + (Q2 + pJT*Sqrt[Q2]*(-u^(-1) + u))/(Q2 - (pJT*Sqrt[Q2])/u))^2 + 4*Q2^4*(-1 + (Q2 + pJT*Sqrt[Q2]*(-u^(-1) + u))/(Q2 - (pJT*Sqrt[Q2])/u))^3 + Q2^4*(-1 + (Q2 + pJT*Sqrt[Q2]*(-u^(-1) + u))/(Q2 - (pJT*Sqrt[Q2])/u))^4)*quarkCharge[i]^2)/(Nc*Q2*(-Q2 - pJT*Sqrt[Q2]*(-u^(-1) + u))*(-1 + (Q2 + pJT*Sqrt[Q2]*(-u^(-1) + u))/(Q2 - (pJT*Sqrt[Q2])/u))*(Q2 + Q2*(-1 + (Q2 + pJT*Sqrt[Q2]*(-u^(-1) + u))/(Q2 - (pJT*Sqrt[Q2])/u)))^2) - (16*(-1 + Nc)*(1 + Nc)*Pi^3*(2*Q2^4 + 2*Q2^3*(-Q2 - pJT*Sqrt[Q2]*(-u^(-1) + u)) + Q2^2*(-Q2 - pJT*Sqrt[Q2]*(-u^(-1) + u))^2 + 6*Q2^4*(-1 + (Q2 + pJT*Sqrt[Q2]*(-u^(-1) + u))/(Q2 - (pJT*Sqrt[Q2])/u)) - 2*Q2^3*(-Q2 - pJT*Sqrt[Q2]*(-u^(-1) + u))*(-1 + (Q2 + pJT*Sqrt[Q2]*(-u^(-1) + u))/(Q2 - (pJT*Sqrt[Q2])/u)) - 4*Q2^2*(-Q2 - pJT*Sqrt[Q2]*(-u^(-1) + u))^2*(-1 + (Q2 + pJT*Sqrt[Q2]*(-u^(-1) + u))/(Q2 - (pJT*Sqrt[Q2])/u)) + 7*Q2^4*(-1 + (Q2 + pJT*Sqrt[Q2]*(-u^(-1) + u))/(Q2 - (pJT*Sqrt[Q2])/u))^2 - 4*Q2^3*(-Q2 - pJT*Sqrt[Q2]*(-u^(-1) + u))*(-1 + (Q2 + pJT*Sqrt[Q2]*(-u^(-1) + u))/(Q2 - (pJT*Sqrt[Q2])/u))^2 + Q2^2*(-Q2 - pJT*Sqrt[Q2]*(-u^(-1) + u))^2*(-1 + (Q2 + pJT*Sqrt[Q2]*(-u^(-1) + u))/(Q2 - (pJT*Sqrt[Q2])/u))^2 + 4*Q2^4*(-1 + (Q2 + pJT*Sqrt[Q2]*(-u^(-1) + u))/(Q2 - (pJT*Sqrt[Q2])/u))^3 + Q2^4*(-1 + (Q2 + pJT*Sqrt[Q2]*(-u^(-1) + u))/(Q2 - (pJT*Sqrt[Q2])/u))^4)*quarkCharge[i]^2)/(Nc*Q2*(-Q2 - pJT*Sqrt[Q2]*(-u^(-1) + u))*(-1 + (Q2 + pJT*Sqrt[Q2]*(-u^(-1) + u))/(Q2 - (pJT*Sqrt[Q2])/u))*(Q2 + Q2*(-1 + (Q2 + pJT*Sqrt[Q2]*(-u^(-1) + u))/(Q2 - (pJT*Sqrt[Q2])/u)))^2))))/(Nc*(Q2 + pJT*Sqrt[Q2]*(-u^(-1) + u))*y^2) + Inactive[Integrate][-1/2*((-1 + Nc^2)*Q2*f1[{i, sigma}, ((Q2 + (pJT*Sqrt[Q2]*(-u^(-1) + u))/ncBoundzz)*xB)/(Q2 - (pJT*Sqrt[Q2])/(ncBoundzz*u)), muCommon]*(1 - ncBoundzz - 2*Log[1 - ncBoundzz] - 2*ncBoundzz*Log[1 - ncBoundzz] + Log[muCommon^2/(pJT^2*R^2)] + ncBoundzz*Log[muCommon^2/(pJT^2*R^2)])*((-32*(-1 + Nc)*(1 + Nc)*Pi^3*(2*Q2^4 + 2*Q2^3*(-Q2 - (pJT*Sqrt[Q2]*(-u^(-1) + u))/ncBoundzz) + Q2^2*(-Q2 - (pJT*Sqrt[Q2]*(-u^(-1) + u))/ncBoundzz)^2 + 6*Q2^4*(-1 + (Q2 + (pJT*Sqrt[Q2]*(-u^(-1) + u))/ncBoundzz)/(Q2 - (pJT*Sqrt[Q2])/(ncBoundzz*u))) + 2*Q2^3*(-Q2 - (pJT*Sqrt[Q2]*(-u^(-1) + u))/ncBoundzz)*(-1 + (Q2 + (pJT*Sqrt[Q2]*(-u^(-1) + u))/ncBoundzz)/(Q2 - (pJT*Sqrt[Q2])/(ncBoundzz*u))) + 7*Q2^4*(-1 + (Q2 + (pJT*Sqrt[Q2]*(-u^(-1) + u))/ncBoundzz)/(Q2 - (pJT*Sqrt[Q2])/(ncBoundzz*u)))^2 + Q2^2*(-Q2 - (pJT*Sqrt[Q2]*(-u^(-1) + u))/ncBoundzz)^2*(-1 + (Q2 + (pJT*Sqrt[Q2]*(-u^(-1) + u))/ncBoundzz)/(Q2 - (pJT*Sqrt[Q2])/(ncBoundzz*u)))^2 + 4*Q2^4*(-1 + (Q2 + (pJT*Sqrt[Q2]*(-u^(-1) + u))/ncBoundzz)/(Q2 - (pJT*Sqrt[Q2])/(ncBoundzz*u)))^3 + Q2^4*(-1 + (Q2 + (pJT*Sqrt[Q2]*(-u^(-1) + u))/ncBoundzz)/(Q2 - (pJT*Sqrt[Q2])/(ncBoundzz*u)))^4)*(1 + (1 - y)^2)*quarkCharge[i]^2)/(Nc*Q2*(-Q2 - (pJT*Sqrt[Q2]*(-u^(-1) + u))/ncBoundzz)*(-1 + (Q2 + (pJT*Sqrt[Q2]*(-u^(-1) + u))/ncBoundzz)/(Q2 - (pJT*Sqrt[Q2])/(ncBoundzz*u)))*(Q2 + Q2*(-1 + (Q2 + (pJT*Sqrt[Q2]*(-u^(-1) + u))/ncBoundzz)/(Q2 - (pJT*Sqrt[Q2])/(ncBoundzz*u))))^2) + 4*(1 - y)*((16*(-1 + Nc)*(1 + Nc)*Pi^3*(2*Q2^4 + 2*Q2^3*(-Q2 - (pJT*Sqrt[Q2]*(-u^(-1) + u))/ncBoundzz) + Q2^2*(-Q2 - (pJT*Sqrt[Q2]*(-u^(-1) + u))/ncBoundzz)^2 + 6*Q2^4*(-1 + (Q2 + (pJT*Sqrt[Q2]*(-u^(-1) + u))/ncBoundzz)/(Q2 - (pJT*Sqrt[Q2])/(ncBoundzz*u))) + 2*Q2^3*(-Q2 - (pJT*Sqrt[Q2]*(-u^(-1) + u))/ncBoundzz)*(-1 + (Q2 + (pJT*Sqrt[Q2]*(-u^(-1) + u))/ncBoundzz)/(Q2 - (pJT*Sqrt[Q2])/(ncBoundzz*u))) + 7*Q2^4*(-1 + (Q2 + (pJT*Sqrt[Q2]*(-u^(-1) + u))/ncBoundzz)/(Q2 - (pJT*Sqrt[Q2])/(ncBoundzz*u)))^2 + Q2^2*(-Q2 - (pJT*Sqrt[Q2]*(-u^(-1) + u))/ncBoundzz)^2*(-1 + (Q2 + (pJT*Sqrt[Q2]*(-u^(-1) + u))/ncBoundzz)/(Q2 - (pJT*Sqrt[Q2])/(ncBoundzz*u)))^2 + 4*Q2^4*(-1 + (Q2 + (pJT*Sqrt[Q2]*(-u^(-1) + u))/ncBoundzz)/(Q2 - (pJT*Sqrt[Q2])/(ncBoundzz*u)))^3 + Q2^4*(-1 + (Q2 + (pJT*Sqrt[Q2]*(-u^(-1) + u))/ncBoundzz)/(Q2 - (pJT*Sqrt[Q2])/(ncBoundzz*u)))^4)*quarkCharge[i]^2)/(Nc*Q2*(-Q2 - (pJT*Sqrt[Q2]*(-u^(-1) + u))/ncBoundzz)*(-1 + (Q2 + (pJT*Sqrt[Q2]*(-u^(-1) + u))/ncBoundzz)/(Q2 - (pJT*Sqrt[Q2])/(ncBoundzz*u)))*(Q2 + Q2*(-1 + (Q2 + (pJT*Sqrt[Q2]*(-u^(-1) + u))/ncBoundzz)/(Q2 - (pJT*Sqrt[Q2])/(ncBoundzz*u))))^2) - (16*(-1 + Nc)*(1 + Nc)*Pi^3*(2*Q2^4 + 2*Q2^3*(-Q2 - (pJT*Sqrt[Q2]*(-u^(-1) + u))/ncBoundzz) + Q2^2*(-Q2 - (pJT*Sqrt[Q2]*(-u^(-1) + u))/ncBoundzz)^2 + 6*Q2^4*(-1 + (Q2 + (pJT*Sqrt[Q2]*(-u^(-1) + u))/ncBoundzz)/(Q2 - (pJT*Sqrt[Q2])/(ncBoundzz*u))) - 2*Q2^3*(-Q2 - (pJT*Sqrt[Q2]*(-u^(-1) + u))/ncBoundzz)*(-1 + (Q2 + (pJT*Sqrt[Q2]*(-u^(-1) + u))/ncBoundzz)/(Q2 - (pJT*Sqrt[Q2])/(ncBoundzz*u))) - 4*Q2^2*(-Q2 - (pJT*Sqrt[Q2]*(-u^(-1) + u))/ncBoundzz)^2*(-1 + (Q2 + (pJT*Sqrt[Q2]*(-u^(-1) + u))/ncBoundzz)/(Q2 - (pJT*Sqrt[Q2])/(ncBoundzz*u))) + 7*Q2^4*(-1 + (Q2 + (pJT*Sqrt[Q2]*(-u^(-1) + u))/ncBoundzz)/(Q2 - (pJT*Sqrt[Q2])/(ncBoundzz*u)))^2 - 4*Q2^3*(-Q2 - (pJT*Sqrt[Q2]*(-u^(-1) + u))/ncBoundzz)*(-1 + (Q2 + (pJT*Sqrt[Q2]*(-u^(-1) + u))/ncBoundzz)/(Q2 - (pJT*Sqrt[Q2])/(ncBoundzz*u)))^2 + Q2^2*(-Q2 - (pJT*Sqrt[Q2]*(-u^(-1) + u))/ncBoundzz)^2*(-1 + (Q2 + (pJT*Sqrt[Q2]*(-u^(-1) + u))/ncBoundzz)/(Q2 - (pJT*Sqrt[Q2])/(ncBoundzz*u)))^2 + 4*Q2^4*(-1 + (Q2 + (pJT*Sqrt[Q2]*(-u^(-1) + u))/ncBoundzz)/(Q2 - (pJT*Sqrt[Q2])/(ncBoundzz*u)))^3 + Q2^4*(-1 + (Q2 + (pJT*Sqrt[Q2]*(-u^(-1) + u))/ncBoundzz)/(Q2 - (pJT*Sqrt[Q2])/(ncBoundzz*u)))^4)*quarkCharge[i]^2)/(Nc*Q2*(-Q2 - (pJT*Sqrt[Q2]*(-u^(-1) + u))/ncBoundzz)*(-1 + (Q2 + (pJT*Sqrt[Q2]*(-u^(-1) + u))/ncBoundzz)/(Q2 - (pJT*Sqrt[Q2])/(ncBoundzz*u)))*(Q2 + Q2*(-1 + (Q2 + (pJT*Sqrt[Q2]*(-u^(-1) + u))/ncBoundzz)/(Q2 - (pJT*Sqrt[Q2])/(ncBoundzz*u))))^2))))/(Nc*ncBoundzz^2*(Q2 + (pJT*Sqrt[Q2]*(-u^(-1) + u))/ncBoundzz)*y^2) + (Log[1 - ncBoundzz]*((2*(-1 + Nc^2)*Q2*f1[{i, sigma}, ((Q2 + pJT*Sqrt[Q2]*(-u^(-1) + u))*xB)/(Q2 - (pJT*Sqrt[Q2])/u), muCommon]*((-32*(-1 + Nc)*(1 + Nc)*Pi^3*(2*Q2^4 + 2*Q2^3*(-Q2 - pJT*Sqrt[Q2]*(-u^(-1) + u)) + Q2^2*(-Q2 - pJT*Sqrt[Q2]*(-u^(-1) + u))^2 + 6*Q2^4*(-1 + (Q2 + pJT*Sqrt[Q2]*(-u^(-1) + u))/(Q2 - (pJT*Sqrt[Q2])/u)) + 2*Q2^3*(-Q2 - pJT*Sqrt[Q2]*(-u^(-1) + u))*(-1 + (Q2 + pJT*Sqrt[Q2]*(-u^(-1) + u))/(Q2 - (pJT*Sqrt[Q2])/u)) + 7*Q2^4*(-1 + (Q2 + pJT*Sqrt[Q2]*(-u^(-1) + u))/(Q2 - (pJT*Sqrt[Q2])/u))^2 + Q2^2*(-Q2 - pJT*Sqrt[Q2]*(-u^(-1) + u))^2*(-1 + (Q2 + pJT*Sqrt[Q2]*(-u^(-1) + u))/(Q2 - (pJT*Sqrt[Q2])/u))^2 + 4*Q2^4*(-1 + (Q2 + pJT*Sqrt[Q2]*(-u^(-1) + u))/(Q2 - (pJT*Sqrt[Q2])/u))^3 + Q2^4*(-1 + (Q2 + pJT*Sqrt[Q2]*(-u^(-1) + u))/(Q2 - (pJT*Sqrt[Q2])/u))^4)*(1 + (1 - y)^2)*quarkCharge[i]^2)/(Nc*Q2*(-Q2 - pJT*Sqrt[Q2]*(-u^(-1) + u))*(-1 + (Q2 + pJT*Sqrt[Q2]*(-u^(-1) + u))/(Q2 - (pJT*Sqrt[Q2])/u))*(Q2 + Q2*(-1 + (Q2 + pJT*Sqrt[Q2]*(-u^(-1) + u))/(Q2 - (pJT*Sqrt[Q2])/u)))^2) + 4*(1 - y)*((16*(-1 + Nc)*(1 + Nc)*Pi^3*(2*Q2^4 + 2*Q2^3*(-Q2 - pJT*Sqrt[Q2]*(-u^(-1) + u)) + Q2^2*(-Q2 - pJT*Sqrt[Q2]*(-u^(-1) + u))^2 + 6*Q2^4*(-1 + (Q2 + pJT*Sqrt[Q2]*(-u^(-1) + u))/(Q2 - (pJT*Sqrt[Q2])/u)) + 2*Q2^3*(-Q2 - pJT*Sqrt[Q2]*(-u^(-1) + u))*(-1 + (Q2 + pJT*Sqrt[Q2]*(-u^(-1) + u))/(Q2 - (pJT*Sqrt[Q2])/u)) + 7*Q2^4*(-1 + (Q2 + pJT*Sqrt[Q2]*(-u^(-1) + u))/(Q2 - (pJT*Sqrt[Q2])/u))^2 + Q2^2*(-Q2 - pJT*Sqrt[Q2]*(-u^(-1) + u))^2*(-1 + (Q2 + pJT*Sqrt[Q2]*(-u^(-1) + u))/(Q2 - (pJT*Sqrt[Q2])/u))^2 + 4*Q2^4*(-1 + (Q2 + pJT*Sqrt[Q2]*(-u^(-1) + u))/(Q2 - (pJT*Sqrt[Q2])/u))^3 + Q2^4*(-1 + (Q2 + pJT*Sqrt[Q2]*(-u^(-1) + u))/(Q2 - (pJT*Sqrt[Q2])/u))^4)*quarkCharge[i]^2)/(Nc*Q2*(-Q2 - pJT*Sqrt[Q2]*(-u^(-1) + u))*(-1 + (Q2 + pJT*Sqrt[Q2]*(-u^(-1) + u))/(Q2 - (pJT*Sqrt[Q2])/u))*(Q2 + Q2*(-1 + (Q2 + pJT*Sqrt[Q2]*(-u^(-1) + u))/(Q2 - (pJT*Sqrt[Q2])/u)))^2) - (16*(-1 + Nc)*(1 + Nc)*Pi^3*(2*Q2^4 + 2*Q2^3*(-Q2 - pJT*Sqrt[Q2]*(-u^(-1) + u)) + Q2^2*(-Q2 - pJT*Sqrt[Q2]*(-u^(-1) + u))^2 + 6*Q2^4*(-1 + (Q2 + pJT*Sqrt[Q2]*(-u^(-1) + u))/(Q2 - (pJT*Sqrt[Q2])/u)) - 2*Q2^3*(-Q2 - pJT*Sqrt[Q2]*(-u^(-1) + u))*(-1 + (Q2 + pJT*Sqrt[Q2]*(-u^(-1) + u))/(Q2 - (pJT*Sqrt[Q2])/u)) - 4*Q2^2*(-Q2 - pJT*Sqrt[Q2]*(-u^(-1) + u))^2*(-1 + (Q2 + pJT*Sqrt[Q2]*(-u^(-1) + u))/(Q2 - (pJT*Sqrt[Q2])/u)) + 7*Q2^4*(-1 + (Q2 + pJT*Sqrt[Q2]*(-u^(-1) + u))/(Q2 - (pJT*Sqrt[Q2])/u))^2 - 4*Q2^3*(-Q2 - pJT*Sqrt[Q2]*(-u^(-1) + u))*(-1 + (Q2 + pJT*Sqrt[Q2]*(-u^(-1) + u))/(Q2 - (pJT*Sqrt[Q2])/u))^2 + Q2^2*(-Q2 - pJT*Sqrt[Q2]*(-u^(-1) + u))^2*(-1 + (Q2 + pJT*Sqrt[Q2]*(-u^(-1) + u))/(Q2 - (pJT*Sqrt[Q2])/u))^2 + 4*Q2^4*(-1 + (Q2 + pJT*Sqrt[Q2]*(-u^(-1) + u))/(Q2 - (pJT*Sqrt[Q2])/u))^3 + Q2^4*(-1 + (Q2 + pJT*Sqrt[Q2]*(-u^(-1) + u))/(Q2 - (pJT*Sqrt[Q2])/u))^4)*quarkCharge[i]^2)/(Nc*Q2*(-Q2 - pJT*Sqrt[Q2]*(-u^(-1) + u))*(-1 + (Q2 + pJT*Sqrt[Q2]*(-u^(-1) + u))/(Q2 - (pJT*Sqrt[Q2])/u))*(Q2 + Q2*(-1 + (Q2 + pJT*Sqrt[Q2]*(-u^(-1) + u))/(Q2 - (pJT*Sqrt[Q2])/u)))^2))))/(Nc*(Q2 + pJT*Sqrt[Q2]*(-u^(-1) + u))*y^2) - (2*(-1 + Nc^2)*Q2*f1[{i, sigma}, ((Q2 + (pJT*Sqrt[Q2]*(-u^(-1) + u))/ncBoundzz)*xB)/(Q2 - (pJT*Sqrt[Q2])/(ncBoundzz*u)), muCommon]*((-32*(-1 + Nc)*(1 + Nc)*Pi^3*(2*Q2^4 + 2*Q2^3*(-Q2 - (pJT*Sqrt[Q2]*(-u^(-1) + u))/ncBoundzz) + Q2^2*(-Q2 - (pJT*Sqrt[Q2]*(-u^(-1) + u))/ncBoundzz)^2 + 6*Q2^4*(-1 + (Q2 + (pJT*Sqrt[Q2]*(-u^(-1) + u))/ncBoundzz)/(Q2 - (pJT*Sqrt[Q2])/(ncBoundzz*u))) + 2*Q2^3*(-Q2 - (pJT*Sqrt[Q2]*(-u^(-1) + u))/ncBoundzz)*(-1 + (Q2 + (pJT*Sqrt[Q2]*(-u^(-1) + u))/ncBoundzz)/(Q2 - (pJT*Sqrt[Q2])/(ncBoundzz*u))) + 7*Q2^4*(-1 + (Q2 + (pJT*Sqrt[Q2]*(-u^(-1) + u))/ncBoundzz)/(Q2 - (pJT*Sqrt[Q2])/(ncBoundzz*u)))^2 + Q2^2*(-Q2 - (pJT*Sqrt[Q2]*(-u^(-1) + u))/ncBoundzz)^2*(-1 + (Q2 + (pJT*Sqrt[Q2]*(-u^(-1) + u))/ncBoundzz)/(Q2 - (pJT*Sqrt[Q2])/(ncBoundzz*u)))^2 + 4*Q2^4*(-1 + (Q2 + (pJT*Sqrt[Q2]*(-u^(-1) + u))/ncBoundzz)/(Q2 - (pJT*Sqrt[Q2])/(ncBoundzz*u)))^3 + Q2^4*(-1 + (Q2 + (pJT*Sqrt[Q2]*(-u^(-1) + u))/ncBoundzz)/(Q2 - (pJT*Sqrt[Q2])/(ncBoundzz*u)))^4)*(1 + (1 - y)^2)*quarkCharge[i]^2)/(Nc*Q2*(-Q2 - (pJT*Sqrt[Q2]*(-u^(-1) + u))/ncBoundzz)*(-1 + (Q2 + (pJT*Sqrt[Q2]*(-u^(-1) + u))/ncBoundzz)/(Q2 - (pJT*Sqrt[Q2])/(ncBoundzz*u)))*(Q2 + Q2*(-1 + (Q2 + (pJT*Sqrt[Q2]*(-u^(-1) + u))/ncBoundzz)/(Q2 - (pJT*Sqrt[Q2])/(ncBoundzz*u))))^2) + 4*(1 - y)*((16*(-1 + Nc)*(1 + Nc)*Pi^3*(2*Q2^4 + 2*Q2^3*(-Q2 - (pJT*Sqrt[Q2]*(-u^(-1) + u))/ncBoundzz) + Q2^2*(-Q2 - (pJT*Sqrt[Q2]*(-u^(-1) + u))/ncBoundzz)^2 + 6*Q2^4*(-1 + (Q2 + (pJT*Sqrt[Q2]*(-u^(-1) + u))/ncBoundzz)/(Q2 - (pJT*Sqrt[Q2])/(ncBoundzz*u))) + 2*Q2^3*(-Q2 - (pJT*Sqrt[Q2]*(-u^(-1) + u))/ncBoundzz)*(-1 + (Q2 + (pJT*Sqrt[Q2]*(-u^(-1) + u))/ncBoundzz)/(Q2 - (pJT*Sqrt[Q2])/(ncBoundzz*u))) + 7*Q2^4*(-1 + (Q2 + (pJT*Sqrt[Q2]*(-u^(-1) + u))/ncBoundzz)/(Q2 - (pJT*Sqrt[Q2])/(ncBoundzz*u)))^2 + Q2^2*(-Q2 - (pJT*Sqrt[Q2]*(-u^(-1) + u))/ncBoundzz)^2*(-1 + (Q2 + (pJT*Sqrt[Q2]*(-u^(-1) + u))/ncBoundzz)/(Q2 - (pJT*Sqrt[Q2])/(ncBoundzz*u)))^2 + 4*Q2^4*(-1 + (Q2 + (pJT*Sqrt[Q2]*(-u^(-1) + u))/ncBoundzz)/(Q2 - (pJT*Sqrt[Q2])/(ncBoundzz*u)))^3 + Q2^4*(-1 + (Q2 + (pJT*Sqrt[Q2]*(-u^(-1) + u))/ncBoundzz)/(Q2 - (pJT*Sqrt[Q2])/(ncBoundzz*u)))^4)*quarkCharge[i]^2)/(Nc*Q2*(-Q2 - (pJT*Sqrt[Q2]*(-u^(-1) + u))/ncBoundzz)*(-1 + (Q2 + (pJT*Sqrt[Q2]*(-u^(-1) + u))/ncBoundzz)/(Q2 - (pJT*Sqrt[Q2])/(ncBoundzz*u)))*(Q2 + Q2*(-1 + (Q2 + (pJT*Sqrt[Q2]*(-u^(-1) + u))/ncBoundzz)/(Q2 - (pJT*Sqrt[Q2])/(ncBoundzz*u))))^2) - (16*(-1 + Nc)*(1 + Nc)*Pi^3*(2*Q2^4 + 2*Q2^3*(-Q2 - (pJT*Sqrt[Q2]*(-u^(-1) + u))/ncBoundzz) + Q2^2*(-Q2 - (pJT*Sqrt[Q2]*(-u^(-1) + u))/ncBoundzz)^2 + 6*Q2^4*(-1 + (Q2 + (pJT*Sqrt[Q2]*(-u^(-1) + u))/ncBoundzz)/(Q2 - (pJT*Sqrt[Q2])/(ncBoundzz*u))) - 2*Q2^3*(-Q2 - (pJT*Sqrt[Q2]*(-u^(-1) + u))/ncBoundzz)*(-1 + (Q2 + (pJT*Sqrt[Q2]*(-u^(-1) + u))/ncBoundzz)/(Q2 - (pJT*Sqrt[Q2])/(ncBoundzz*u))) - 4*Q2^2*(-Q2 - (pJT*Sqrt[Q2]*(-u^(-1) + u))/ncBoundzz)^2*(-1 + (Q2 + (pJT*Sqrt[Q2]*(-u^(-1) + u))/ncBoundzz)/(Q2 - (pJT*Sqrt[Q2])/(ncBoundzz*u))) + 7*Q2^4*(-1 + (Q2 + (pJT*Sqrt[Q2]*(-u^(-1) + u))/ncBoundzz)/(Q2 - (pJT*Sqrt[Q2])/(ncBoundzz*u)))^2 - 4*Q2^3*(-Q2 - (pJT*Sqrt[Q2]*(-u^(-1) + u))/ncBoundzz)*(-1 + (Q2 + (pJT*Sqrt[Q2]*(-u^(-1) + u))/ncBoundzz)/(Q2 - (pJT*Sqrt[Q2])/(ncBoundzz*u)))^2 + Q2^2*(-Q2 - (pJT*Sqrt[Q2]*(-u^(-1) + u))/ncBoundzz)^2*(-1 + (Q2 + (pJT*Sqrt[Q2]*(-u^(-1) + u))/ncBoundzz)/(Q2 - (pJT*Sqrt[Q2])/(ncBoundzz*u)))^2 + 4*Q2^4*(-1 + (Q2 + (pJT*Sqrt[Q2]*(-u^(-1) + u))/ncBoundzz)/(Q2 - (pJT*Sqrt[Q2])/(ncBoundzz*u)))^3 + Q2^4*(-1 + (Q2 + (pJT*Sqrt[Q2]*(-u^(-1) + u))/ncBoundzz)/(Q2 - (pJT*Sqrt[Q2])/(ncBoundzz*u)))^4)*quarkCharge[i]^2)/(Nc*Q2*(-Q2 - (pJT*Sqrt[Q2]*(-u^(-1) + u))/ncBoundzz)*(-1 + (Q2 + (pJT*Sqrt[Q2]*(-u^(-1) + u))/ncBoundzz)/(Q2 - (pJT*Sqrt[Q2])/(ncBoundzz*u)))*(Q2 + Q2*(-1 + (Q2 + (pJT*Sqrt[Q2]*(-u^(-1) + u))/ncBoundzz)/(Q2 - (pJT*Sqrt[Q2])/(ncBoundzz*u))))^2))))/(Nc*ncBoundzz^2*(Q2 + (pJT*Sqrt[Q2]*(-u^(-1) + u))/ncBoundzz)*y^2)))/(1 - ncBoundzz) + (-(((-1 + Nc^2)*Q2*f1[{i, sigma}, ((Q2 + pJT*Sqrt[Q2]*(-u^(-1) + u))*xB)/(Q2 - (pJT*Sqrt[Q2])/u), muCommon]*Log[muCommon^2/(pJT^2*R^2)]*((-32*(-1 + Nc)*(1 + Nc)*Pi^3*(2*Q2^4 + 2*Q2^3*(-Q2 - pJT*Sqrt[Q2]*(-u^(-1) + u)) + Q2^2*(-Q2 - pJT*Sqrt[Q2]*(-u^(-1) + u))^2 + 6*Q2^4*(-1 + (Q2 + pJT*Sqrt[Q2]*(-u^(-1) + u))/(Q2 - (pJT*Sqrt[Q2])/u)) + 2*Q2^3*(-Q2 - pJT*Sqrt[Q2]*(-u^(-1) + u))*(-1 + (Q2 + pJT*Sqrt[Q2]*(-u^(-1) + u))/(Q2 - (pJT*Sqrt[Q2])/u)) + 7*Q2^4*(-1 + (Q2 + pJT*Sqrt[Q2]*(-u^(-1) + u))/(Q2 - (pJT*Sqrt[Q2])/u))^2 + Q2^2*(-Q2 - pJT*Sqrt[Q2]*(-u^(-1) + u))^2*(-1 + (Q2 + pJT*Sqrt[Q2]*(-u^(-1) + u))/(Q2 - (pJT*Sqrt[Q2])/u))^2 + 4*Q2^4*(-1 + (Q2 + pJT*Sqrt[Q2]*(-u^(-1) + u))/(Q2 - (pJT*Sqrt[Q2])/u))^3 + Q2^4*(-1 + (Q2 + pJT*Sqrt[Q2]*(-u^(-1) + u))/(Q2 - (pJT*Sqrt[Q2])/u))^4)*(1 + (1 - y)^2)*quarkCharge[i]^2)/(Nc*Q2*(-Q2 - pJT*Sqrt[Q2]*(-u^(-1) + u))*(-1 + (Q2 + pJT*Sqrt[Q2]*(-u^(-1) + u))/(Q2 - (pJT*Sqrt[Q2])/u))*(Q2 + Q2*(-1 + (Q2 + pJT*Sqrt[Q2]*(-u^(-1) + u))/(Q2 - (pJT*Sqrt[Q2])/u)))^2) + 4*(1 - y)*((16*(-1 + Nc)*(1 + Nc)*Pi^3*(2*Q2^4 + 2*Q2^3*(-Q2 - pJT*Sqrt[Q2]*(-u^(-1) + u)) + Q2^2*(-Q2 - pJT*Sqrt[Q2]*(-u^(-1) + u))^2 + 6*Q2^4*(-1 + (Q2 + pJT*Sqrt[Q2]*(-u^(-1) + u))/(Q2 - (pJT*Sqrt[Q2])/u)) + 2*Q2^3*(-Q2 - pJT*Sqrt[Q2]*(-u^(-1) + u))*(-1 + (Q2 + pJT*Sqrt[Q2]*(-u^(-1) + u))/(Q2 - (pJT*Sqrt[Q2])/u)) + 7*Q2^4*(-1 + (Q2 + pJT*Sqrt[Q2]*(-u^(-1) + u))/(Q2 - (pJT*Sqrt[Q2])/u))^2 + Q2^2*(-Q2 - pJT*Sqrt[Q2]*(-u^(-1) + u))^2*(-1 + (Q2 + pJT*Sqrt[Q2]*(-u^(-1) + u))/(Q2 - (pJT*Sqrt[Q2])/u))^2 + 4*Q2^4*(-1 + (Q2 + pJT*Sqrt[Q2]*(-u^(-1) + u))/(Q2 - (pJT*Sqrt[Q2])/u))^3 + Q2^4*(-1 + (Q2 + pJT*Sqrt[Q2]*(-u^(-1) + u))/(Q2 - (pJT*Sqrt[Q2])/u))^4)*quarkCharge[i]^2)/(Nc*Q2*(-Q2 - pJT*Sqrt[Q2]*(-u^(-1) + u))*(-1 + (Q2 + pJT*Sqrt[Q2]*(-u^(-1) + u))/(Q2 - (pJT*Sqrt[Q2])/u))*(Q2 + Q2*(-1 + (Q2 + pJT*Sqrt[Q2]*(-u^(-1) + u))/(Q2 - (pJT*Sqrt[Q2])/u)))^2) - (16*(-1 + Nc)*(1 + Nc)*Pi^3*(2*Q2^4 + 2*Q2^3*(-Q2 - pJT*Sqrt[Q2]*(-u^(-1) + u)) + Q2^2*(-Q2 - pJT*Sqrt[Q2]*(-u^(-1) + u))^2 + 6*Q2^4*(-1 + (Q2 + pJT*Sqrt[Q2]*(-u^(-1) + u))/(Q2 - (pJT*Sqrt[Q2])/u)) - 2*Q2^3*(-Q2 - pJT*Sqrt[Q2]*(-u^(-1) + u))*(-1 + (Q2 + pJT*Sqrt[Q2]*(-u^(-1) + u))/(Q2 - (pJT*Sqrt[Q2])/u)) - 4*Q2^2*(-Q2 - pJT*Sqrt[Q2]*(-u^(-1) + u))^2*(-1 + (Q2 + pJT*Sqrt[Q2]*(-u^(-1) + u))/(Q2 - (pJT*Sqrt[Q2])/u)) + 7*Q2^4*(-1 + (Q2 + pJT*Sqrt[Q2]*(-u^(-1) + u))/(Q2 - (pJT*Sqrt[Q2])/u))^2 - 4*Q2^3*(-Q2 - pJT*Sqrt[Q2]*(-u^(-1) + u))*(-1 + (Q2 + pJT*Sqrt[Q2]*(-u^(-1) + u))/(Q2 - (pJT*Sqrt[Q2])/u))^2 + Q2^2*(-Q2 - pJT*Sqrt[Q2]*(-u^(-1) + u))^2*(-1 + (Q2 + pJT*Sqrt[Q2]*(-u^(-1) + u))/(Q2 - (pJT*Sqrt[Q2])/u))^2 + 4*Q2^4*(-1 + (Q2 + pJT*Sqrt[Q2]*(-u^(-1) + u))/(Q2 - (pJT*Sqrt[Q2])/u))^3 + Q2^4*(-1 + (Q2 + pJT*Sqrt[Q2]*(-u^(-1) + u))/(Q2 - (pJT*Sqrt[Q2])/u))^4)*quarkCharge[i]^2)/(Nc*Q2*(-Q2 - pJT*Sqrt[Q2]*(-u^(-1) + u))*(-1 + (Q2 + pJT*Sqrt[Q2]*(-u^(-1) + u))/(Q2 - (pJT*Sqrt[Q2])/u))*(Q2 + Q2*(-1 + (Q2 + pJT*Sqrt[Q2]*(-u^(-1) + u))/(Q2 - (pJT*Sqrt[Q2])/u)))^2))))/(Nc*(Q2 + pJT*Sqrt[Q2]*(-u^(-1) + u))*y^2)) + ((-1 + Nc^2)*Q2*f1[{i, sigma}, ((Q2 + (pJT*Sqrt[Q2]*(-u^(-1) + u))/ncBoundzz)*xB)/(Q2 - (pJT*Sqrt[Q2])/(ncBoundzz*u)), muCommon]*Log[muCommon^2/(pJT^2*R^2)]*((-32*(-1 + Nc)*(1 + Nc)*Pi^3*(2*Q2^4 + 2*Q2^3*(-Q2 - (pJT*Sqrt[Q2]*(-u^(-1) + u))/ncBoundzz) + Q2^2*(-Q2 - (pJT*Sqrt[Q2]*(-u^(-1) + u))/ncBoundzz)^2 + 6*Q2^4*(-1 + (Q2 + (pJT*Sqrt[Q2]*(-u^(-1) + u))/ncBoundzz)/(Q2 - (pJT*Sqrt[Q2])/(ncBoundzz*u))) + 2*Q2^3*(-Q2 - (pJT*Sqrt[Q2]*(-u^(-1) + u))/ncBoundzz)*(-1 + (Q2 + (pJT*Sqrt[Q2]*(-u^(-1) + u))/ncBoundzz)/(Q2 - (pJT*Sqrt[Q2])/(ncBoundzz*u))) + 7*Q2^4*(-1 + (Q2 + (pJT*Sqrt[Q2]*(-u^(-1) + u))/ncBoundzz)/(Q2 - (pJT*Sqrt[Q2])/(ncBoundzz*u)))^2 + Q2^2*(-Q2 - (pJT*Sqrt[Q2]*(-u^(-1) + u))/ncBoundzz)^2*(-1 + (Q2 + (pJT*Sqrt[Q2]*(-u^(-1) + u))/ncBoundzz)/(Q2 - (pJT*Sqrt[Q2])/(ncBoundzz*u)))^2 + 4*Q2^4*(-1 + (Q2 + (pJT*Sqrt[Q2]*(-u^(-1) + u))/ncBoundzz)/(Q2 - (pJT*Sqrt[Q2])/(ncBoundzz*u)))^3 + Q2^4*(-1 + (Q2 + (pJT*Sqrt[Q2]*(-u^(-1) + u))/ncBoundzz)/(Q2 - (pJT*Sqrt[Q2])/(ncBoundzz*u)))^4)*(1 + (1 - y)^2)*quarkCharge[i]^2)/(Nc*Q2*(-Q2 - (pJT*Sqrt[Q2]*(-u^(-1) + u))/ncBoundzz)*(-1 + (Q2 + (pJT*Sqrt[Q2]*(-u^(-1) + u))/ncBoundzz)/(Q2 - (pJT*Sqrt[Q2])/(ncBoundzz*u)))*(Q2 + Q2*(-1 + (Q2 + (pJT*Sqrt[Q2]*(-u^(-1) + u))/ncBoundzz)/(Q2 - (pJT*Sqrt[Q2])/(ncBoundzz*u))))^2) + 4*(1 - y)*((16*(-1 + Nc)*(1 + Nc)*Pi^3*(2*Q2^4 + 2*Q2^3*(-Q2 - (pJT*Sqrt[Q2]*(-u^(-1) + u))/ncBoundzz) + Q2^2*(-Q2 - (pJT*Sqrt[Q2]*(-u^(-1) + u))/ncBoundzz)^2 + 6*Q2^4*(-1 + (Q2 + (pJT*Sqrt[Q2]*(-u^(-1) + u))/ncBoundzz)/(Q2 - (pJT*Sqrt[Q2])/(ncBoundzz*u))) + 2*Q2^3*(-Q2 - (pJT*Sqrt[Q2]*(-u^(-1) + u))/ncBoundzz)*(-1 + (Q2 + (pJT*Sqrt[Q2]*(-u^(-1) + u))/ncBoundzz)/(Q2 - (pJT*Sqrt[Q2])/(ncBoundzz*u))) + 7*Q2^4*(-1 + (Q2 + (pJT*Sqrt[Q2]*(-u^(-1) + u))/ncBoundzz)/(Q2 - (pJT*Sqrt[Q2])/(ncBoundzz*u)))^2 + Q2^2*(-Q2 - (pJT*Sqrt[Q2]*(-u^(-1) + u))/ncBoundzz)^2*(-1 + (Q2 + (pJT*Sqrt[Q2]*(-u^(-1) + u))/ncBoundzz)/(Q2 - (pJT*Sqrt[Q2])/(ncBoundzz*u)))^2 + 4*Q2^4*(-1 + (Q2 + (pJT*Sqrt[Q2]*(-u^(-1) + u))/ncBoundzz)/(Q2 - (pJT*Sqrt[Q2])/(ncBoundzz*u)))^3 + Q2^4*(-1 + (Q2 + (pJT*Sqrt[Q2]*(-u^(-1) + u))/ncBoundzz)/(Q2 - (pJT*Sqrt[Q2])/(ncBoundzz*u)))^4)*quarkCharge[i]^2)/(Nc*Q2*(-Q2 - (pJT*Sqrt[Q2]*(-u^(-1) + u))/ncBoundzz)*(-1 + (Q2 + (pJT*Sqrt[Q2]*(-u^(-1) + u))/ncBoundzz)/(Q2 - (pJT*Sqrt[Q2])/(ncBoundzz*u)))*(Q2 + Q2*(-1 + (Q2 + (pJT*Sqrt[Q2]*(-u^(-1) + u))/ncBoundzz)/(Q2 - (pJT*Sqrt[Q2])/(ncBoundzz*u))))^2) - (16*(-1 + Nc)*(1 + Nc)*Pi^3*(2*Q2^4 + 2*Q2^3*(-Q2 - (pJT*Sqrt[Q2]*(-u^(-1) + u))/ncBoundzz) + Q2^2*(-Q2 - (pJT*Sqrt[Q2]*(-u^(-1) + u))/ncBoundzz)^2 + 6*Q2^4*(-1 + (Q2 + (pJT*Sqrt[Q2]*(-u^(-1) + u))/ncBoundzz)/(Q2 - (pJT*Sqrt[Q2])/(ncBoundzz*u))) - 2*Q2^3*(-Q2 - (pJT*Sqrt[Q2]*(-u^(-1) + u))/ncBoundzz)*(-1 + (Q2 + (pJT*Sqrt[Q2]*(-u^(-1) + u))/ncBoundzz)/(Q2 - (pJT*Sqrt[Q2])/(ncBoundzz*u))) - 4*Q2^2*(-Q2 - (pJT*Sqrt[Q2]*(-u^(-1) + u))/ncBoundzz)^2*(-1 + (Q2 + (pJT*Sqrt[Q2]*(-u^(-1) + u))/ncBoundzz)/(Q2 - (pJT*Sqrt[Q2])/(ncBoundzz*u))) + 7*Q2^4*(-1 + (Q2 + (pJT*Sqrt[Q2]*(-u^(-1) + u))/ncBoundzz)/(Q2 - (pJT*Sqrt[Q2])/(ncBoundzz*u)))^2 - 4*Q2^3*(-Q2 - (pJT*Sqrt[Q2]*(-u^(-1) + u))/ncBoundzz)*(-1 + (Q2 + (pJT*Sqrt[Q2]*(-u^(-1) + u))/ncBoundzz)/(Q2 - (pJT*Sqrt[Q2])/(ncBoundzz*u)))^2 + Q2^2*(-Q2 - (pJT*Sqrt[Q2]*(-u^(-1) + u))/ncBoundzz)^2*(-1 + (Q2 + (pJT*Sqrt[Q2]*(-u^(-1) + u))/ncBoundzz)/(Q2 - (pJT*Sqrt[Q2])/(ncBoundzz*u)))^2 + 4*Q2^4*(-1 + (Q2 + (pJT*Sqrt[Q2]*(-u^(-1) + u))/ncBoundzz)/(Q2 - (pJT*Sqrt[Q2])/(ncBoundzz*u)))^3 + Q2^4*(-1 + (Q2 + (pJT*Sqrt[Q2]*(-u^(-1) + u))/ncBoundzz)/(Q2 - (pJT*Sqrt[Q2])/(ncBoundzz*u)))^4)*quarkCharge[i]^2)/(Nc*Q2*(-Q2 - (pJT*Sqrt[Q2]*(-u^(-1) + u))/ncBoundzz)*(-1 + (Q2 + (pJT*Sqrt[Q2]*(-u^(-1) + u))/ncBoundzz)/(Q2 - (pJT*Sqrt[Q2])/(ncBoundzz*u)))*(Q2 + Q2*(-1 + (Q2 + (pJT*Sqrt[Q2]*(-u^(-1) + u))/ncBoundzz)/(Q2 - (pJT*Sqrt[Q2])/(ncBoundzz*u))))^2))))/(Nc*ncBoundzz^2*(Q2 + (pJT*Sqrt[Q2]*(-u^(-1) + u))/ncBoundzz)*y^2))/(1 - ncBoundzz), {ncBoundzz, (pJT*(u^(-1) + (u*xB)/(1 - xB)))/Sqrt[Q2], 1}]))/(2*Pi), {i, 1, Nf}, {sigma, {-1, 1}}]","Inactive[Sum][(Inactive[Integrate][ncBoundb*BesselJ[0, (jT*ncBoundb)/zh]*D1Tilde[""g"", zh, ncBoundb, muCommon, pJT^2*R^2], {ncBoundb, 0, Infinity}]*Inactive[Integrate][((-1 + Nc^2)*Q2*f1[{i, sigma}, ((Q2 + (pJT*Sqrt[Q2]*(-u^(-1) + u))/ncBoundzz)*xB)/(Q2 - (pJT*Sqrt[Q2])/(ncBoundzz*u)), muCommon]*(-ncBoundzz^2 - 4*Log[1 - ncBoundzz] + 4*ncBoundzz*Log[1 - ncBoundzz] - 2*ncBoundzz^2*Log[1 - ncBoundzz] + 2*Log[muCommon^2/(pJT^2*R^2)] - 2*ncBoundzz*Log[muCommon^2/(pJT^2*R^2)] + ncBoundzz^2*Log[muCommon^2/(pJT^2*R^2)])*((-32*(-1 + Nc)*(1 + Nc)*Pi^3*(2*Q2^4 + 2*Q2^3*(-Q2 - (pJT*Sqrt[Q2]*(-u^(-1) + u))/ncBoundzz) + Q2^2*(-Q2 - (pJT*Sqrt[Q2]*(-u^(-1) + u))/ncBoundzz)^2 + 6*Q2^4*(-1 + (Q2 + (pJT*Sqrt[Q2]*(-u^(-1) + u))/ncBoundzz)/(Q2 - (pJT*Sqrt[Q2])/(ncBoundzz*u))) + 2*Q2^3*(-Q2 - (pJT*Sqrt[Q2]*(-u^(-1) + u))/ncBoundzz)*(-1 + (Q2 + (pJT*Sqrt[Q2]*(-u^(-1) + u))/ncBoundzz)/(Q2 - (pJT*Sqrt[Q2])/(ncBoundzz*u))) + 7*Q2^4*(-1 + (Q2 + (pJT*Sqrt[Q2]*(-u^(-1) + u))/ncBoundzz)/(Q2 - (pJT*Sqrt[Q2])/(ncBoundzz*u)))^2 + Q2^2*(-Q2 - (pJT*Sqrt[Q2]*(-u^(-1) + u))/ncBoundzz)^2*(-1 + (Q2 + (pJT*Sqrt[Q2]*(-u^(-1) + u))/ncBoundzz)/(Q2 - (pJT*Sqrt[Q2])/(ncBoundzz*u)))^2 + 4*Q2^4*(-1 + (Q2 + (pJT*Sqrt[Q2]*(-u^(-1) + u))/ncBoundzz)/(Q2 - (pJT*Sqrt[Q2])/(ncBoundzz*u)))^3 + Q2^4*(-1 + (Q2 + (pJT*Sqrt[Q2]*(-u^(-1) + u))/ncBoundzz)/(Q2 - (pJT*Sqrt[Q2])/(ncBoundzz*u)))^4)*(1 + (1 - y)^2)*quarkCharge[i]^2)/(Nc*Q2*(-Q2 - (pJT*Sqrt[Q2]*(-u^(-1) + u))/ncBoundzz)*(-1 + (Q2 + (pJT*Sqrt[Q2]*(-u^(-1) + u))/ncBoundzz)/(Q2 - (pJT*Sqrt[Q2])/(ncBoundzz*u)))*(Q2 + Q2*(-1 + (Q2 + (pJT*Sqrt[Q2]*(-u^(-1) + u))/ncBoundzz)/(Q2 - (pJT*Sqrt[Q2])/(ncBoundzz*u))))^2) + 4*(1 - y)*((16*(-1 + Nc)*(1 + Nc)*Pi^3*(2*Q2^4 + 2*Q2^3*(-Q2 - (pJT*Sqrt[Q2]*(-u^(-1) + u))/ncBoundzz) + Q2^2*(-Q2 - (pJT*Sqrt[Q2]*(-u^(-1) + u))/ncBoundzz)^2 + 6*Q2^4*(-1 + (Q2 + (pJT*Sqrt[Q2]*(-u^(-1) + u))/ncBoundzz)/(Q2 - (pJT*Sqrt[Q2])/(ncBoundzz*u))) + 2*Q2^3*(-Q2 - (pJT*Sqrt[Q2]*(-u^(-1) + u))/ncBoundzz)*(-1 + (Q2 + (pJT*Sqrt[Q2]*(-u^(-1) + u))/ncBoundzz)/(Q2 - (pJT*Sqrt[Q2])/(ncBoundzz*u))) + 7*Q2^4*(-1 + (Q2 + (pJT*Sqrt[Q2]*(-u^(-1) + u))/ncBoundzz)/(Q2 - (pJT*Sqrt[Q2])/(ncBoundzz*u)))^2 + Q2^2*(-Q2 - (pJT*Sqrt[Q2]*(-u^(-1) + u))/ncBoundzz)^2*(-1 + (Q2 + (pJT*Sqrt[Q2]*(-u^(-1) + u))/ncBoundzz)/(Q2 - (pJT*Sqrt[Q2])/(ncBoundzz*u)))^2 + 4*Q2^4*(-1 + (Q2 + (pJT*Sqrt[Q2]*(-u^(-1) + u))/ncBoundzz)/(Q2 - (pJT*Sqrt[Q2])/(ncBoundzz*u)))^3 + Q2^4*(-1 + (Q2 + (pJT*Sqrt[Q2]*(-u^(-1) + u))/ncBoundzz)/(Q2 - (pJT*Sqrt[Q2])/(ncBoundzz*u)))^4)*quarkCharge[i]^2)/(Nc*Q2*(-Q2 - (pJT*Sqrt[Q2]*(-u^(-1) + u))/ncBoundzz)*(-1 + (Q2 + (pJT*Sqrt[Q2]*(-u^(-1) + u))/ncBoundzz)/(Q2 - (pJT*Sqrt[Q2])/(ncBoundzz*u)))*(Q2 + Q2*(-1 + (Q2 + (pJT*Sqrt[Q2]*(-u^(-1) + u))/ncBoundzz)/(Q2 - (pJT*Sqrt[Q2])/(ncBoundzz*u))))^2) - (16*(-1 + Nc)*(1 + Nc)*Pi^3*(2*Q2^4 + 2*Q2^3*(-Q2 - (pJT*Sqrt[Q2]*(-u^(-1) + u))/ncBoundzz) + Q2^2*(-Q2 - (pJT*Sqrt[Q2]*(-u^(-1) + u))/ncBoundzz)^2 + 6*Q2^4*(-1 + (Q2 + (pJT*Sqrt[Q2]*(-u^(-1) + u))/ncBoundzz)/(Q2 - (pJT*Sqrt[Q2])/(ncBoundzz*u))) - 2*Q2^3*(-Q2 - (pJT*Sqrt[Q2]*(-u^(-1) + u))/ncBoundzz)*(-1 + (Q2 + (pJT*Sqrt[Q2]*(-u^(-1) + u))/ncBoundzz)/(Q2 - (pJT*Sqrt[Q2])/(ncBoundzz*u))) - 4*Q2^2*(-Q2 - (pJT*Sqrt[Q2]*(-u^(-1) + u))/ncBoundzz)^2*(-1 + (Q2 + (pJT*Sqrt[Q2]*(-u^(-1) + u))/ncBoundzz)/(Q2 - (pJT*Sqrt[Q2])/(ncBoundzz*u))) + 7*Q2^4*(-1 + (Q2 + (pJT*Sqrt[Q2]*(-u^(-1) + u))/ncBoundzz)/(Q2 - (pJT*Sqrt[Q2])/(ncBoundzz*u)))^2 - 4*Q2^3*(-Q2 - (pJT*Sqrt[Q2]*(-u^(-1) + u))/ncBoundzz)*(-1 + (Q2 + (pJT*Sqrt[Q2]*(-u^(-1) + u))/ncBoundzz)/(Q2 - (pJT*Sqrt[Q2])/(ncBoundzz*u)))^2 + Q2^2*(-Q2 - (pJT*Sqrt[Q2]*(-u^(-1) + u))/ncBoundzz)^2*(-1 + (Q2 + (pJT*Sqrt[Q2]*(-u^(-1) + u))/ncBoundzz)/(Q2 - (pJT*Sqrt[Q2])/(ncBoundzz*u)))^2 + 4*Q2^4*(-1 + (Q2 + (pJT*Sqrt[Q2]*(-u^(-1) + u))/ncBoundzz)/(Q2 - (pJT*Sqrt[Q2])/(ncBoundzz*u)))^3 + Q2^4*(-1 + (Q2 + (pJT*Sqrt[Q2]*(-u^(-1) + u))/ncBoundzz)/(Q2 - (pJT*Sqrt[Q2])/(ncBoundzz*u)))^4)*quarkCharge[i]^2)/(Nc*Q2*(-Q2 - (pJT*Sqrt[Q2]*(-u^(-1) + u))/ncBoundzz)*(-1 + (Q2 + (pJT*Sqrt[Q2]*(-u^(-1) + u))/ncBoundzz)/(Q2 - (pJT*Sqrt[Q2])/(ncBoundzz*u)))*(Q2 + Q2*(-1 + (Q2 + (pJT*Sqrt[Q2]*(-u^(-1) + u))/ncBoundzz)/(Q2 - (pJT*Sqrt[Q2])/(ncBoundzz*u))))^2))))/(2*Nc*ncBoundzz^3*(Q2 + (pJT*Sqrt[Q2]*(-u^(-1) + u))/ncBoundzz)*y^2), {ncBoundzz, (pJT*(u^(-1) + (u*xB)/(1 - xB)))/Sqrt[Q2], 1}])/(2*Pi) + (Inactive[Integrate][ncBoundb*BesselJ[0, (jT*ncBoundb)/zh]*D1Tilde[{i, sigma}, zh, ncBoundb, muCommon, pJT^2*R^2], {ncBoundb, 0, Infinity}]*(((-1 + Nc^2)*Q2*f1[{i, sigma}, ((Q2 + pJT*Sqrt[Q2]*(-u^(-1) + u))*xB)/(Q2 - (pJT*Sqrt[Q2])/u), muCommon]*(Pi^2 - 6*Log[muCommon^2/(pJT^2*R^2)]^2)*((-32*(-1 + Nc)*(1 + Nc)*Pi^3*(2*Q2^4 + 2*Q2^3*(-Q2 - pJT*Sqrt[Q2]*(-u^(-1) + u)) + Q2^2*(-Q2 - pJT*Sqrt[Q2]*(-u^(-1) + u))^2 + 6*Q2^4*(-1 + (Q2 + pJT*Sqrt[Q2]*(-u^(-1) + u))/(Q2 - (pJT*Sqrt[Q2])/u)) + 2*Q2^3*(-Q2 - pJT*Sqrt[Q2]*(-u^(-1) + u))*(-1 + (Q2 + pJT*Sqrt[Q2]*(-u^(-1) + u))/(Q2 - (pJT*Sqrt[Q2])/u)) + 7*Q2^4*(-1 + (Q2 + pJT*Sqrt[Q2]*(-u^(-1) + u))/(Q2 - (pJT*Sqrt[Q2])/u))^2 + Q2^2*(-Q2 - pJT*Sqrt[Q2]*(-u^(-1) + u))^2*(-1 + (Q2 + pJT*Sqrt[Q2]*(-u^(-1) + u))/(Q2 - (pJT*Sqrt[Q2])/u))^2 + 4*Q2^4*(-1 + (Q2 + pJT*Sqrt[Q2]*(-u^(-1) + u))/(Q2 - (pJT*Sqrt[Q2])/u))^3 + Q2^4*(-1 + (Q2 + pJT*Sqrt[Q2]*(-u^(-1) + u))/(Q2 - (pJT*Sqrt[Q2])/u))^4)*(1 + (1 - y)^2)*quarkCharge[i]^2)/(Nc*Q2*(-Q2 - pJT*Sqrt[Q2]*(-u^(-1) + u))*(-1 + (Q2 + pJT*Sqrt[Q2]*(-u^(-1) + u))/(Q2 - (pJT*Sqrt[Q2])/u))*(Q2 + Q2*(-1 + (Q2 + pJT*Sqrt[Q2]*(-u^(-1) + u))/(Q2 - (pJT*Sqrt[Q2])/u)))^2) + 4*(1 - y)*((16*(-1 + Nc)*(1 + Nc)*Pi^3*(2*Q2^4 + 2*Q2^3*(-Q2 - pJT*Sqrt[Q2]*(-u^(-1) + u)) + Q2^2*(-Q2 - pJT*Sqrt[Q2]*(-u^(-1) + u))^2 + 6*Q2^4*(-1 + (Q2 + pJT*Sqrt[Q2]*(-u^(-1) + u))/(Q2 - (pJT*Sqrt[Q2])/u)) + 2*Q2^3*(-Q2 - pJT*Sqrt[Q2]*(-u^(-1) + u))*(-1 + (Q2 + pJT*Sqrt[Q2]*(-u^(-1) + u))/(Q2 - (pJT*Sqrt[Q2])/u)) + 7*Q2^4*(-1 + (Q2 + pJT*Sqrt[Q2]*(-u^(-1) + u))/(Q2 - (pJT*Sqrt[Q2])/u))^2 + Q2^2*(-Q2 - pJT*Sqrt[Q2]*(-u^(-1) + u))^2*(-1 + (Q2 + pJT*Sqrt[Q2]*(-u^(-1) + u))/(Q2 - (pJT*Sqrt[Q2])/u))^2 + 4*Q2^4*(-1 + (Q2 + pJT*Sqrt[Q2]*(-u^(-1) + u))/(Q2 - (pJT*Sqrt[Q2])/u))^3 + Q2^4*(-1 + (Q2 + pJT*Sqrt[Q2]*(-u^(-1) + u))/(Q2 - (pJT*Sqrt[Q2])/u))^4)*quarkCharge[i]^2)/(Nc*Q2*(-Q2 - pJT*Sqrt[Q2]*(-u^(-1) + u))*(-1 + (Q2 + pJT*Sqrt[Q2]*(-u^(-1) + u))/(Q2 - (pJT*Sqrt[Q2])/u))*(Q2 + Q2*(-1 + (Q2 + pJT*Sqrt[Q2]*(-u^(-1) + u))/(Q2 - (pJT*Sqrt[Q2])/u)))^2) - (16*(-1 + Nc)*(1 + Nc)*Pi^3*(2*Q2^4 + 2*Q2^3*(-Q2 - pJT*Sqrt[Q2]*(-u^(-1) + u)) + Q2^2*(-Q2 - pJT*Sqrt[Q2]*(-u^(-1) + u))^2 + 6*Q2^4*(-1 + (Q2 + pJT*Sqrt[Q2]*(-u^(-1) + u))/(Q2 - (pJT*Sqrt[Q2])/u)) - 2*Q2^3*(-Q2 - pJT*Sqrt[Q2]*(-u^(-1) + u))*(-1 + (Q2 + pJT*Sqrt[Q2]*(-u^(-1) + u))/(Q2 - (pJT*Sqrt[Q2])/u)) - 4*Q2^2*(-Q2 - pJT*Sqrt[Q2]*(-u^(-1) + u))^2*(-1 + (Q2 + pJT*Sqrt[Q2]*(-u^(-1) + u))/(Q2 - (pJT*Sqrt[Q2])/u)) + 7*Q2^4*(-1 + (Q2 + pJT*Sqrt[Q2]*(-u^(-1) + u))/(Q2 - (pJT*Sqrt[Q2])/u))^2 - 4*Q2^3*(-Q2 - pJT*Sqrt[Q2]*(-u^(-1) + u))*(-1 + (Q2 + pJT*Sqrt[Q2]*(-u^(-1) + u))/(Q2 - (pJT*Sqrt[Q2])/u))^2 + Q2^2*(-Q2 - pJT*Sqrt[Q2]*(-u^(-1) + u))^2*(-1 + (Q2 + pJT*Sqrt[Q2]*(-u^(-1) + u))/(Q2 - (pJT*Sqrt[Q2])/u))^2 + 4*Q2^4*(-1 + (Q2 + pJT*Sqrt[Q2]*(-u^(-1) + u))/(Q2 - (pJT*Sqrt[Q2])/u))^3 + Q2^4*(-1 + (Q2 + pJT*Sqrt[Q2]*(-u^(-1) + u))/(Q2 - (pJT*Sqrt[Q2])/u))^4)*quarkCharge[i]^2)/(Nc*Q2*(-Q2 - pJT*Sqrt[Q2]*(-u^(-1) + u))*(-1 + (Q2 + pJT*Sqrt[Q2]*(-u^(-1) + u))/(Q2 - (pJT*Sqrt[Q2])/u))*(Q2 + Q2*(-1 + (Q2 + pJT*Sqrt[Q2]*(-u^(-1) + u))/(Q2 - (pJT*Sqrt[Q2])/u)))^2))))/(24*Nc*(Q2 + pJT*Sqrt[Q2]*(-u^(-1) + u))*y^2) + ((-1 + Nc^2)*Q2*f1[{i, sigma}, ((Q2 + pJT*Sqrt[Q2]*(-u^(-1) + u))*xB)/(Q2 - (pJT*Sqrt[Q2])/u), muCommon]*Log[muCommon^2/(pJT^2*R^2)]*Log[1 - (pJT*(u^(-1) + (u*xB)/(1 - xB)))/Sqrt[Q2]]*((-32*(-1 + Nc)*(1 + Nc)*Pi^3*(2*Q2^4 + 2*Q2^3*(-Q2 - pJT*Sqrt[Q2]*(-u^(-1) + u)) + Q2^2*(-Q2 - pJT*Sqrt[Q2]*(-u^(-1) + u))^2 + 6*Q2^4*(-1 + (Q2 + pJT*Sqrt[Q2]*(-u^(-1) + u))/(Q2 - (pJT*Sqrt[Q2])/u)) + 2*Q2^3*(-Q2 - pJT*Sqrt[Q2]*(-u^(-1) + u))*(-1 + (Q2 + pJT*Sqrt[Q2]*(-u^(-1) + u))/(Q2 - (pJT*Sqrt[Q2])/u)) + 7*Q2^4*(-1 + (Q2 + pJT*Sqrt[Q2]*(-u^(-1) + u))/(Q2 - (pJT*Sqrt[Q2])/u))^2 + Q2^2*(-Q2 - pJT*Sqrt[Q2]*(-u^(-1) + u))^2*(-1 + (Q2 + pJT*Sqrt[Q2]*(-u^(-1) + u))/(Q2 - (pJT*Sqrt[Q2])/u))^2 + 4*Q2^4*(-1 + (Q2 + pJT*Sqrt[Q2]*(-u^(-1) + u))/(Q2 - (pJT*Sqrt[Q2])/u))^3 + Q2^4*(-1 + (Q2 + pJT*Sqrt[Q2]*(-u^(-1) + u))/(Q2 - (pJT*Sqrt[Q2])/u))^4)*(1 + (1 - y)^2)*quarkCharge[i]^2)/(Nc*Q2*(-Q2 - pJT*Sqrt[Q2]*(-u^(-1) + u))*(-1 + (Q2 + pJT*Sqrt[Q2]*(-u^(-1) + u))/(Q2 - (pJT*Sqrt[Q2])/u))*(Q2 + Q2*(-1 + (Q2 + pJT*Sqrt[Q2]*(-u^(-1) + u))/(Q2 - (pJT*Sqrt[Q2])/u)))^2) + 4*(1 - y)*((16*(-1 + Nc)*(1 + Nc)*Pi^3*(2*Q2^4 + 2*Q2^3*(-Q2 - pJT*Sqrt[Q2]*(-u^(-1) + u)) + Q2^2*(-Q2 - pJT*Sqrt[Q2]*(-u^(-1) + u))^2 + 6*Q2^4*(-1 + (Q2 + pJT*Sqrt[Q2]*(-u^(-1) + u))/(Q2 - (pJT*Sqrt[Q2])/u)) + 2*Q2^3*(-Q2 - pJT*Sqrt[Q2]*(-u^(-1) + u))*(-1 + (Q2 + pJT*Sqrt[Q2]*(-u^(-1) + u))/(Q2 - (pJT*Sqrt[Q2])/u)) + 7*Q2^4*(-1 + (Q2 + pJT*Sqrt[Q2]*(-u^(-1) + u))/(Q2 - (pJT*Sqrt[Q2])/u))^2 + Q2^2*(-Q2 - pJT*Sqrt[Q2]*(-u^(-1) + u))^2*(-1 + (Q2 + pJT*Sqrt[Q2]*(-u^(-1) + u))/(Q2 - (pJT*Sqrt[Q2])/u))^2 + 4*Q2^4*(-1 + (Q2 + pJT*Sqrt[Q2]*(-u^(-1) + u))/(Q2 - (pJT*Sqrt[Q2])/u))^3 + Q2^4*(-1 + (Q2 + pJT*Sqrt[Q2]*(-u^(-1) + u))/(Q2 - (pJT*Sqrt[Q2])/u))^4)*quarkCharge[i]^2)/(Nc*Q2*(-Q2 - pJT*Sqrt[Q2]*(-u^(-1) + u))*(-1 + (Q2 + pJT*Sqrt[Q2]*(-u^(-1) + u))/(Q2 - (pJT*Sqrt[Q2])/u))*(Q2 + Q2*(-1 + (Q2 + pJT*Sqrt[Q2]*(-u^(-1) + u))/(Q2 - (pJT*Sqrt[Q2])/u)))^2) - (16*(-1 + Nc)*(1 + Nc)*Pi^3*(2*Q2^4 + 2*Q2^3*(-Q2 - pJT*Sqrt[Q2]*(-u^(-1) + u)) + Q2^2*(-Q2 - pJT*Sqrt[Q2]*(-u^(-1) + u))^2 + 6*Q2^4*(-1 + (Q2 + pJT*Sqrt[Q2]*(-u^(-1) + u))/(Q2 - (pJT*Sqrt[Q2])/u)) - 2*Q2^3*(-Q2 - pJT*Sqrt[Q2]*(-u^(-1) + u))*(-1 + (Q2 + pJT*Sqrt[Q2]*(-u^(-1) + u))/(Q2 - (pJT*Sqrt[Q2])/u)) - 4*Q2^2*(-Q2 - pJT*Sqrt[Q2]*(-u^(-1) + u))^2*(-1 + (Q2 + pJT*Sqrt[Q2]*(-u^(-1) + u))/(Q2 - (pJT*Sqrt[Q2])/u)) + 7*Q2^4*(-1 + (Q2 + pJT*Sqrt[Q2]*(-u^(-1) + u))/(Q2 - (pJT*Sqrt[Q2])/u))^2 - 4*Q2^3*(-Q2 - pJT*Sqrt[Q2]*(-u^(-1) + u))*(-1 + (Q2 + pJT*Sqrt[Q2]*(-u^(-1) + u))/(Q2 - (pJT*Sqrt[Q2])/u))^2 + Q2^2*(-Q2 - pJT*Sqrt[Q2]*(-u^(-1) + u))^2*(-1 + (Q2 + pJT*Sqrt[Q2]*(-u^(-1) + u))/(Q2 - (pJT*Sqrt[Q2])/u))^2 + 4*Q2^4*(-1 + (Q2 + pJT*Sqrt[Q2]*(-u^(-1) + u))/(Q2 - (pJT*Sqrt[Q2])/u))^3 + Q2^4*(-1 + (Q2 + pJT*Sqrt[Q2]*(-u^(-1) + u))/(Q2 - (pJT*Sqrt[Q2])/u))^4)*quarkCharge[i]^2)/(Nc*Q2*(-Q2 - pJT*Sqrt[Q2]*(-u^(-1) + u))*(-1 + (Q2 + pJT*Sqrt[Q2]*(-u^(-1) + u))/(Q2 - (pJT*Sqrt[Q2])/u))*(Q2 + Q2*(-1 + (Q2 + pJT*Sqrt[Q2]*(-u^(-1) + u))/(Q2 - (pJT*Sqrt[Q2])/u)))^2))))/(Nc*(Q2 + pJT*Sqrt[Q2]*(-u^(-1) + u))*y^2) - ((-1 + Nc^2)*Q2*f1[{i, sigma}, ((Q2 + pJT*Sqrt[Q2]*(-u^(-1) + u))*xB)/(Q2 - (pJT*Sqrt[Q2])/u), muCommon]*Log[1 - (pJT*(u^(-1) + (u*xB)/(1 - xB)))/Sqrt[Q2]]^2*((-32*(-1 + Nc)*(1 + Nc)*Pi^3*(2*Q2^4 + 2*Q2^3*(-Q2 - pJT*Sqrt[Q2]*(-u^(-1) + u)) + Q2^2*(-Q2 - pJT*Sqrt[Q2]*(-u^(-1) + u))^2 + 6*Q2^4*(-1 + (Q2 + pJT*Sqrt[Q2]*(-u^(-1) + u))/(Q2 - (pJT*Sqrt[Q2])/u)) + 2*Q2^3*(-Q2 - pJT*Sqrt[Q2]*(-u^(-1) + u))*(-1 + (Q2 + pJT*Sqrt[Q2]*(-u^(-1) + u))/(Q2 - (pJT*Sqrt[Q2])/u)) + 7*Q2^4*(-1 + (Q2 + pJT*Sqrt[Q2]*(-u^(-1) + u))/(Q2 - (pJT*Sqrt[Q2])/u))^2 + Q2^2*(-Q2 - pJT*Sqrt[Q2]*(-u^(-1) + u))^2*(-1 + (Q2 + pJT*Sqrt[Q2]*(-u^(-1) + u))/(Q2 - (pJT*Sqrt[Q2])/u))^2 + 4*Q2^4*(-1 + (Q2 + pJT*Sqrt[Q2]*(-u^(-1) + u))/(Q2 - (pJT*Sqrt[Q2])/u))^3 + Q2^4*(-1 + (Q2 + pJT*Sqrt[Q2]*(-u^(-1) + u))/(Q2 - (pJT*Sqrt[Q2])/u))^4)*(1 + (1 - y)^2)*quarkCharge[i]^2)/(Nc*Q2*(-Q2 - pJT*Sqrt[Q2]*(-u^(-1) + u))*(-1 + (Q2 + pJT*Sqrt[Q2]*(-u^(-1) + u))/(Q2 - (pJT*Sqrt[Q2])/u))*(Q2 + Q2*(-1 + (Q2 + pJT*Sqrt[Q2]*(-u^(-1) + u))/(Q2 - (pJT*Sqrt[Q2])/u)))^2) + 4*(1 - y)*((16*(-1 + Nc)*(1 + Nc)*Pi^3*(2*Q2^4 + 2*Q2^3*(-Q2 - pJT*Sqrt[Q2]*(-u^(-1) + u)) + Q2^2*(-Q2 - pJT*Sqrt[Q2]*(-u^(-1) + u))^2 + 6*Q2^4*(-1 + (Q2 + pJT*Sqrt[Q2]*(-u^(-1) + u))/(Q2 - (pJT*Sqrt[Q2])/u)) + 2*Q2^3*(-Q2 - pJT*Sqrt[Q2]*(-u^(-1) + u))*(-1 + (Q2 + pJT*Sqrt[Q2]*(-u^(-1) + u))/(Q2 - (pJT*Sqrt[Q2])/u)) + 7*Q2^4*(-1 + (Q2 + pJT*Sqrt[Q2]*(-u^(-1) + u))/(Q2 - (pJT*Sqrt[Q2])/u))^2 + Q2^2*(-Q2 - pJT*Sqrt[Q2]*(-u^(-1) + u))^2*(-1 + (Q2 + pJT*Sqrt[Q2]*(-u^(-1) + u))/(Q2 - (pJT*Sqrt[Q2])/u))^2 + 4*Q2^4*(-1 + (Q2 + pJT*Sqrt[Q2]*(-u^(-1) + u))/(Q2 - (pJT*Sqrt[Q2])/u))^3 + Q2^4*(-1 + (Q2 + pJT*Sqrt[Q2]*(-u^(-1) + u))/(Q2 - (pJT*Sqrt[Q2])/u))^4)*quarkCharge[i]^2)/(Nc*Q2*(-Q2 - pJT*Sqrt[Q2]*(-u^(-1) + u))*(-1 + (Q2 + pJT*Sqrt[Q2]*(-u^(-1) + u))/(Q2 - (pJT*Sqrt[Q2])/u))*(Q2 + Q2*(-1 + (Q2 + pJT*Sqrt[Q2]*(-u^(-1) + u))/(Q2 - (pJT*Sqrt[Q2])/u)))^2) - (16*(-1 + Nc)*(1 + Nc)*Pi^3*(2*Q2^4 + 2*Q2^3*(-Q2 - pJT*Sqrt[Q2]*(-u^(-1) + u)) + Q2^2*(-Q2 - pJT*Sqrt[Q2]*(-u^(-1) + u))^2 + 6*Q2^4*(-1 + (Q2 + pJT*Sqrt[Q2]*(-u^(-1) + u))/(Q2 - (pJT*Sqrt[Q2])/u)) - 2*Q2^3*(-Q2 - pJT*Sqrt[Q2]*(-u^(-1) + u))*(-1 + (Q2 + pJT*Sqrt[Q2]*(-u^(-1) + u))/(Q2 - (pJT*Sqrt[Q2])/u)) - 4*Q2^2*(-Q2 - pJT*Sqrt[Q2]*(-u^(-1) + u))^2*(-1 + (Q2 + pJT*Sqrt[Q2]*(-u^(-1) + u))/(Q2 - (pJT*Sqrt[Q2])/u)) + 7*Q2^4*(-1 + (Q2 + pJT*Sqrt[Q2]*(-u^(-1) + u))/(Q2 - (pJT*Sqrt[Q2])/u))^2 - 4*Q2^3*(-Q2 - pJT*Sqrt[Q2]*(-u^(-1) + u))*(-1 + (Q2 + pJT*Sqrt[Q2]*(-u^(-1) + u))/(Q2 - (pJT*Sqrt[Q2])/u))^2 + Q2^2*(-Q2 - pJT*Sqrt[Q2]*(-u^(-1) + u))^2*(-1 + (Q2 + pJT*Sqrt[Q2]*(-u^(-1) + u))/(Q2 - (pJT*Sqrt[Q2])/u))^2 + 4*Q2^4*(-1 + (Q2 + pJT*Sqrt[Q2]*(-u^(-1) + u))/(Q2 - (pJT*Sqrt[Q2])/u))^3 + Q2^4*(-1 + (Q2 + pJT*Sqrt[Q2]*(-u^(-1) + u))/(Q2 - (pJT*Sqrt[Q2])/u))^4)*quarkCharge[i]^2)/(Nc*Q2*(-Q2 - pJT*Sqrt[Q2]*(-u^(-1) + u))*(-1 + (Q2 + pJT*Sqrt[Q2]*(-u^(-1) + u))/(Q2 - (pJT*Sqrt[Q2])/u))*(Q2 + Q2*(-1 + (Q2 + pJT*Sqrt[Q2]*(-u^(-1) + u))/(Q2 - (pJT*Sqrt[Q2])/u)))^2))))/(Nc*(Q2 + pJT*Sqrt[Q2]*(-u^(-1) + u))*y^2) + Inactive[Integrate][-1/2*((-1 + Nc^2)*Q2*f1[{i, sigma}, ((Q2 + (pJT*Sqrt[Q2]*(-u^(-1) + u))/ncBoundzz)*xB)/(Q2 - (pJT*Sqrt[Q2])/(ncBoundzz*u)), muCommon]*(1 - ncBoundzz - 2*Log[1 - ncBoundzz] - 2*ncBoundzz*Log[1 - ncBoundzz] + Log[muCommon^2/(pJT^2*R^2)] + ncBoundzz*Log[muCommon^2/(pJT^2*R^2)])*((-32*(-1 + Nc)*(1 + Nc)*Pi^3*(2*Q2^4 + 2*Q2^3*(-Q2 - (pJT*Sqrt[Q2]*(-u^(-1) + u))/ncBoundzz) + Q2^2*(-Q2 - (pJT*Sqrt[Q2]*(-u^(-1) + u))/ncBoundzz)^2 + 6*Q2^4*(-1 + (Q2 + (pJT*Sqrt[Q2]*(-u^(-1) + u))/ncBoundzz)/(Q2 - (pJT*Sqrt[Q2])/(ncBoundzz*u))) + 2*Q2^3*(-Q2 - (pJT*Sqrt[Q2]*(-u^(-1) + u))/ncBoundzz)*(-1 + (Q2 + (pJT*Sqrt[Q2]*(-u^(-1) + u))/ncBoundzz)/(Q2 - (pJT*Sqrt[Q2])/(ncBoundzz*u))) + 7*Q2^4*(-1 + (Q2 + (pJT*Sqrt[Q2]*(-u^(-1) + u))/ncBoundzz)/(Q2 - (pJT*Sqrt[Q2])/(ncBoundzz*u)))^2 + Q2^2*(-Q2 - (pJT*Sqrt[Q2]*(-u^(-1) + u))/ncBoundzz)^2*(-1 + (Q2 + (pJT*Sqrt[Q2]*(-u^(-1) + u))/ncBoundzz)/(Q2 - (pJT*Sqrt[Q2])/(ncBoundzz*u)))^2 + 4*Q2^4*(-1 + (Q2 + (pJT*Sqrt[Q2]*(-u^(-1) + u))/ncBoundzz)/(Q2 - (pJT*Sqrt[Q2])/(ncBoundzz*u)))^3 + Q2^4*(-1 + (Q2 + (pJT*Sqrt[Q2]*(-u^(-1) + u))/ncBoundzz)/(Q2 - (pJT*Sqrt[Q2])/(ncBoundzz*u)))^4)*(1 + (1 - y)^2)*quarkCharge[i]^2)/(Nc*Q2*(-Q2 - (pJT*Sqrt[Q2]*(-u^(-1) + u))/ncBoundzz)*(-1 + (Q2 + (pJT*Sqrt[Q2]*(-u^(-1) + u))/ncBoundzz)/(Q2 - (pJT*Sqrt[Q2])/(ncBoundzz*u)))*(Q2 + Q2*(-1 + (Q2 + (pJT*Sqrt[Q2]*(-u^(-1) + u))/ncBoundzz)/(Q2 - (pJT*Sqrt[Q2])/(ncBoundzz*u))))^2) + 4*(1 - y)*((16*(-1 + Nc)*(1 + Nc)*Pi^3*(2*Q2^4 + 2*Q2^3*(-Q2 - (pJT*Sqrt[Q2]*(-u^(-1) + u))/ncBoundzz) + Q2^2*(-Q2 - (pJT*Sqrt[Q2]*(-u^(-1) + u))/ncBoundzz)^2 + 6*Q2^4*(-1 + (Q2 + (pJT*Sqrt[Q2]*(-u^(-1) + u))/ncBoundzz)/(Q2 - (pJT*Sqrt[Q2])/(ncBoundzz*u))) + 2*Q2^3*(-Q2 - (pJT*Sqrt[Q2]*(-u^(-1) + u))/ncBoundzz)*(-1 + (Q2 + (pJT*Sqrt[Q2]*(-u^(-1) + u))/ncBoundzz)/(Q2 - (pJT*Sqrt[Q2])/(ncBoundzz*u))) + 7*Q2^4*(-1 + (Q2 + (pJT*Sqrt[Q2]*(-u^(-1) + u))/ncBoundzz)/(Q2 - (pJT*Sqrt[Q2])/(ncBoundzz*u)))^2 + Q2^2*(-Q2 - (pJT*Sqrt[Q2]*(-u^(-1) + u))/ncBoundzz)^2*(-1 + (Q2 + (pJT*Sqrt[Q2]*(-u^(-1) + u))/ncBoundzz)/(Q2 - (pJT*Sqrt[Q2])/(ncBoundzz*u)))^2 + 4*Q2^4*(-1 + (Q2 + (pJT*Sqrt[Q2]*(-u^(-1) + u))/ncBoundzz)/(Q2 - (pJT*Sqrt[Q2])/(ncBoundzz*u)))^3 + Q2^4*(-1 + (Q2 + (pJT*Sqrt[Q2]*(-u^(-1) + u))/ncBoundzz)/(Q2 - (pJT*Sqrt[Q2])/(ncBoundzz*u)))^4)*quarkCharge[i]^2)/(Nc*Q2*(-Q2 - (pJT*Sqrt[Q2]*(-u^(-1) + u))/ncBoundzz)*(-1 + (Q2 + (pJT*Sqrt[Q2]*(-u^(-1) + u))/ncBoundzz)/(Q2 - (pJT*Sqrt[Q2])/(ncBoundzz*u)))*(Q2 + Q2*(-1 + (Q2 + (pJT*Sqrt[Q2]*(-u^(-1) + u))/ncBoundzz)/(Q2 - (pJT*Sqrt[Q2])/(ncBoundzz*u))))^2) - (16*(-1 + Nc)*(1 + Nc)*Pi^3*(2*Q2^4 + 2*Q2^3*(-Q2 - (pJT*Sqrt[Q2]*(-u^(-1) + u))/ncBoundzz) + Q2^2*(-Q2 - (pJT*Sqrt[Q2]*(-u^(-1) + u))/ncBoundzz)^2 + 6*Q2^4*(-1 + (Q2 + (pJT*Sqrt[Q2]*(-u^(-1) + u))/ncBoundzz)/(Q2 - (pJT*Sqrt[Q2])/(ncBoundzz*u))) - 2*Q2^3*(-Q2 - (pJT*Sqrt[Q2]*(-u^(-1) + u))/ncBoundzz)*(-1 + (Q2 + (pJT*Sqrt[Q2]*(-u^(-1) + u))/ncBoundzz)/(Q2 - (pJT*Sqrt[Q2])/(ncBoundzz*u))) - 4*Q2^2*(-Q2 - (pJT*Sqrt[Q2]*(-u^(-1) + u))/ncBoundzz)^2*(-1 + (Q2 + (pJT*Sqrt[Q2]*(-u^(-1) + u))/ncBoundzz)/(Q2 - (pJT*Sqrt[Q2])/(ncBoundzz*u))) + 7*Q2^4*(-1 + (Q2 + (pJT*Sqrt[Q2]*(-u^(-1) + u))/ncBoundzz)/(Q2 - (pJT*Sqrt[Q2])/(ncBoundzz*u)))^2 - 4*Q2^3*(-Q2 - (pJT*Sqrt[Q2]*(-u^(-1) + u))/ncBoundzz)*(-1 + (Q2 + (pJT*Sqrt[Q2]*(-u^(-1) + u))/ncBoundzz)/(Q2 - (pJT*Sqrt[Q2])/(ncBoundzz*u)))^2 + Q2^2*(-Q2 - (pJT*Sqrt[Q2]*(-u^(-1) + u))/ncBoundzz)^2*(-1 + (Q2 + (pJT*Sqrt[Q2]*(-u^(-1) + u))/ncBoundzz)/(Q2 - (pJT*Sqrt[Q2])/(ncBoundzz*u)))^2 + 4*Q2^4*(-1 + (Q2 + (pJT*Sqrt[Q2]*(-u^(-1) + u))/ncBoundzz)/(Q2 - (pJT*Sqrt[Q2])/(ncBoundzz*u)))^3 + Q2^4*(-1 + (Q2 + (pJT*Sqrt[Q2]*(-u^(-1) + u))/ncBoundzz)/(Q2 - (pJT*Sqrt[Q2])/(ncBoundzz*u)))^4)*quarkCharge[i]^2)/(Nc*Q2*(-Q2 - (pJT*Sqrt[Q2]*(-u^(-1) + u))/ncBoundzz)*(-1 + (Q2 + (pJT*Sqrt[Q2]*(-u^(-1) + u))/ncBoundzz)/(Q2 - (pJT*Sqrt[Q2])/(ncBoundzz*u)))*(Q2 + Q2*(-1 + (Q2 + (pJT*Sqrt[Q2]*(-u^(-1) + u))/ncBoundzz)/(Q2 - (pJT*Sqrt[Q2])/(ncBoundzz*u))))^2))))/(Nc*ncBoundzz^2*(Q2 + (pJT*Sqrt[Q2]*(-u^(-1) + u))/ncBoundzz)*y^2) + (Log[1 - ncBoundzz]*((2*(-1 + Nc^2)*Q2*f1[{i, sigma}, ((Q2 + pJT*Sqrt[Q2]*(-u^(-1) + u))*xB)/(Q2 - (pJT*Sqrt[Q2])/u), muCommon]*((-32*(-1 + Nc)*(1 + Nc)*Pi^3*(2*Q2^4 + 2*Q2^3*(-Q2 - pJT*Sqrt[Q2]*(-u^(-1) + u)) + Q2^2*(-Q2 - pJT*Sqrt[Q2]*(-u^(-1) + u))^2 + 6*Q2^4*(-1 + (Q2 + pJT*Sqrt[Q2]*(-u^(-1) + u))/(Q2 - (pJT*Sqrt[Q2])/u)) + 2*Q2^3*(-Q2 - pJT*Sqrt[Q2]*(-u^(-1) + u))*(-1 + (Q2 + pJT*Sqrt[Q2]*(-u^(-1) + u))/(Q2 - (pJT*Sqrt[Q2])/u)) + 7*Q2^4*(-1 + (Q2 + pJT*Sqrt[Q2]*(-u^(-1) + u))/(Q2 - (pJT*Sqrt[Q2])/u))^2 + Q2^2*(-Q2 - pJT*Sqrt[Q2]*(-u^(-1) + u))^2*(-1 + (Q2 + pJT*Sqrt[Q2]*(-u^(-1) + u))/(Q2 - (pJT*Sqrt[Q2])/u))^2 + 4*Q2^4*(-1 + (Q2 + pJT*Sqrt[Q2]*(-u^(-1) + u))/(Q2 - (pJT*Sqrt[Q2])/u))^3 + Q2^4*(-1 + (Q2 + pJT*Sqrt[Q2]*(-u^(-1) + u))/(Q2 - (pJT*Sqrt[Q2])/u))^4)*(1 + (1 - y)^2)*quarkCharge[i]^2)/(Nc*Q2*(-Q2 - pJT*Sqrt[Q2]*(-u^(-1) + u))*(-1 + (Q2 + pJT*Sqrt[Q2]*(-u^(-1) + u))/(Q2 - (pJT*Sqrt[Q2])/u))*(Q2 + Q2*(-1 + (Q2 + pJT*Sqrt[Q2]*(-u^(-1) + u))/(Q2 - (pJT*Sqrt[Q2])/u)))^2) + 4*(1 - y)*((16*(-1 + Nc)*(1 + Nc)*Pi^3*(2*Q2^4 + 2*Q2^3*(-Q2 - pJT*Sqrt[Q2]*(-u^(-1) + u)) + Q2^2*(-Q2 - pJT*Sqrt[Q2]*(-u^(-1) + u))^2 + 6*Q2^4*(-1 + (Q2 + pJT*Sqrt[Q2]*(-u^(-1) + u))/(Q2 - (pJT*Sqrt[Q2])/u)) + 2*Q2^3*(-Q2 - pJT*Sqrt[Q2]*(-u^(-1) + u))*(-1 + (Q2 + pJT*Sqrt[Q2]*(-u^(-1) + u))/(Q2 - (pJT*Sqrt[Q2])/u)) + 7*Q2^4*(-1 + (Q2 + pJT*Sqrt[Q2]*(-u^(-1) + u))/(Q2 - (pJT*Sqrt[Q2])/u))^2 + Q2^2*(-Q2 - pJT*Sqrt[Q2]*(-u^(-1) + u))^2*(-1 + (Q2 + pJT*Sqrt[Q2]*(-u^(-1) + u))/(Q2 - (pJT*Sqrt[Q2])/u))^2 + 4*Q2^4*(-1 + (Q2 + pJT*Sqrt[Q2]*(-u^(-1) + u))/(Q2 - (pJT*Sqrt[Q2])/u))^3 + Q2^4*(-1 + (Q2 + pJT*Sqrt[Q2]*(-u^(-1) + u))/(Q2 - (pJT*Sqrt[Q2])/u))^4)*quarkCharge[i]^2)/(Nc*Q2*(-Q2 - pJT*Sqrt[Q2]*(-u^(-1) + u))*(-1 + (Q2 + pJT*Sqrt[Q2]*(-u^(-1) + u))/(Q2 - (pJT*Sqrt[Q2])/u))*(Q2 + Q2*(-1 + (Q2 + pJT*Sqrt[Q2]*(-u^(-1) + u))/(Q2 - (pJT*Sqrt[Q2])/u)))^2) - (16*(-1 + Nc)*(1 + Nc)*Pi^3*(2*Q2^4 + 2*Q2^3*(-Q2 - pJT*Sqrt[Q2]*(-u^(-1) + u)) + Q2^2*(-Q2 - pJT*Sqrt[Q2]*(-u^(-1) + u))^2 + 6*Q2^4*(-1 + (Q2 + pJT*Sqrt[Q2]*(-u^(-1) + u))/(Q2 - (pJT*Sqrt[Q2])/u)) - 2*Q2^3*(-Q2 - pJT*Sqrt[Q2]*(-u^(-1) + u))*(-1 + (Q2 + pJT*Sqrt[Q2]*(-u^(-1) + u))/(Q2 - (pJT*Sqrt[Q2])/u)) - 4*Q2^2*(-Q2 - pJT*Sqrt[Q2]*(-u^(-1) + u))^2*(-1 + (Q2 + pJT*Sqrt[Q2]*(-u^(-1) + u))/(Q2 - (pJT*Sqrt[Q2])/u)) + 7*Q2^4*(-1 + (Q2 + pJT*Sqrt[Q2]*(-u^(-1) + u))/(Q2 - (pJT*Sqrt[Q2])/u))^2 - 4*Q2^3*(-Q2 - pJT*Sqrt[Q2]*(-u^(-1) + u))*(-1 + (Q2 + pJT*Sqrt[Q2]*(-u^(-1) + u))/(Q2 - (pJT*Sqrt[Q2])/u))^2 + Q2^2*(-Q2 - pJT*Sqrt[Q2]*(-u^(-1) + u))^2*(-1 + (Q2 + pJT*Sqrt[Q2]*(-u^(-1) + u))/(Q2 - (pJT*Sqrt[Q2])/u))^2 + 4*Q2^4*(-1 + (Q2 + pJT*Sqrt[Q2]*(-u^(-1) + u))/(Q2 - (pJT*Sqrt[Q2])/u))^3 + Q2^4*(-1 + (Q2 + pJT*Sqrt[Q2]*(-u^(-1) + u))/(Q2 - (pJT*Sqrt[Q2])/u))^4)*quarkCharge[i]^2)/(Nc*Q2*(-Q2 - pJT*Sqrt[Q2]*(-u^(-1) + u))*(-1 + (Q2 + pJT*Sqrt[Q2]*(-u^(-1) + u))/(Q2 - (pJT*Sqrt[Q2])/u))*(Q2 + Q2*(-1 + (Q2 + pJT*Sqrt[Q2]*(-u^(-1) + u))/(Q2 - (pJT*Sqrt[Q2])/u)))^2))))/(Nc*(Q2 + pJT*Sqrt[Q2]*(-u^(-1) + u))*y^2) - (2*(-1 + Nc^2)*Q2*f1[{i, sigma}, ((Q2 + (pJT*Sqrt[Q2]*(-u^(-1) + u))/ncBoundzz)*xB)/(Q2 - (pJT*Sqrt[Q2])/(ncBoundzz*u)), muCommon]*((-32*(-1 + Nc)*(1 + Nc)*Pi^3*(2*Q2^4 + 2*Q2^3*(-Q2 - (pJT*Sqrt[Q2]*(-u^(-1) + u))/ncBoundzz) + Q2^2*(-Q2 - (pJT*Sqrt[Q2]*(-u^(-1) + u))/ncBoundzz)^2 + 6*Q2^4*(-1 + (Q2 + (pJT*Sqrt[Q2]*(-u^(-1) + u))/ncBoundzz)/(Q2 - (pJT*Sqrt[Q2])/(ncBoundzz*u))) + 2*Q2^3*(-Q2 - (pJT*Sqrt[Q2]*(-u^(-1) + u))/ncBoundzz)*(-1 + (Q2 + (pJT*Sqrt[Q2]*(-u^(-1) + u))/ncBoundzz)/(Q2 - (pJT*Sqrt[Q2])/(ncBoundzz*u))) + 7*Q2^4*(-1 + (Q2 + (pJT*Sqrt[Q2]*(-u^(-1) + u))/ncBoundzz)/(Q2 - (pJT*Sqrt[Q2])/(ncBoundzz*u)))^2 + Q2^2*(-Q2 - (pJT*Sqrt[Q2]*(-u^(-1) + u))/ncBoundzz)^2*(-1 + (Q2 + (pJT*Sqrt[Q2]*(-u^(-1) + u))/ncBoundzz)/(Q2 - (pJT*Sqrt[Q2])/(ncBoundzz*u)))^2 + 4*Q2^4*(-1 + (Q2 + (pJT*Sqrt[Q2]*(-u^(-1) + u))/ncBoundzz)/(Q2 - (pJT*Sqrt[Q2])/(ncBoundzz*u)))^3 + Q2^4*(-1 + (Q2 + (pJT*Sqrt[Q2]*(-u^(-1) + u))/ncBoundzz)/(Q2 - (pJT*Sqrt[Q2])/(ncBoundzz*u)))^4)*(1 + (1 - y)^2)*quarkCharge[i]^2)/(Nc*Q2*(-Q2 - (pJT*Sqrt[Q2]*(-u^(-1) + u))/ncBoundzz)*(-1 + (Q2 + (pJT*Sqrt[Q2]*(-u^(-1) + u))/ncBoundzz)/(Q2 - (pJT*Sqrt[Q2])/(ncBoundzz*u)))*(Q2 + Q2*(-1 + (Q2 + (pJT*Sqrt[Q2]*(-u^(-1) + u))/ncBoundzz)/(Q2 - (pJT*Sqrt[Q2])/(ncBoundzz*u))))^2) + 4*(1 - y)*((16*(-1 + Nc)*(1 + Nc)*Pi^3*(2*Q2^4 + 2*Q2^3*(-Q2 - (pJT*Sqrt[Q2]*(-u^(-1) + u))/ncBoundzz) + Q2^2*(-Q2 - (pJT*Sqrt[Q2]*(-u^(-1) + u))/ncBoundzz)^2 + 6*Q2^4*(-1 + (Q2 + (pJT*Sqrt[Q2]*(-u^(-1) + u))/ncBoundzz)/(Q2 - (pJT*Sqrt[Q2])/(ncBoundzz*u))) + 2*Q2^3*(-Q2 - (pJT*Sqrt[Q2]*(-u^(-1) + u))/ncBoundzz)*(-1 + (Q2 + (pJT*Sqrt[Q2]*(-u^(-1) + u))/ncBoundzz)/(Q2 - (pJT*Sqrt[Q2])/(ncBoundzz*u))) + 7*Q2^4*(-1 + (Q2 + (pJT*Sqrt[Q2]*(-u^(-1) + u))/ncBoundzz)/(Q2 - (pJT*Sqrt[Q2])/(ncBoundzz*u)))^2 + Q2^2*(-Q2 - (pJT*Sqrt[Q2]*(-u^(-1) + u))/ncBoundzz)^2*(-1 + (Q2 + (pJT*Sqrt[Q2]*(-u^(-1) + u))/ncBoundzz)/(Q2 - (pJT*Sqrt[Q2])/(ncBoundzz*u)))^2 + 4*Q2^4*(-1 + (Q2 + (pJT*Sqrt[Q2]*(-u^(-1) + u))/ncBoundzz)/(Q2 - (pJT*Sqrt[Q2])/(ncBoundzz*u)))^3 + Q2^4*(-1 + (Q2 + (pJT*Sqrt[Q2]*(-u^(-1) + u))/ncBoundzz)/(Q2 - (pJT*Sqrt[Q2])/(ncBoundzz*u)))^4)*quarkCharge[i]^2)/(Nc*Q2*(-Q2 - (pJT*Sqrt[Q2]*(-u^(-1) + u))/ncBoundzz)*(-1 + (Q2 + (pJT*Sqrt[Q2]*(-u^(-1) + u))/ncBoundzz)/(Q2 - (pJT*Sqrt[Q2])/(ncBoundzz*u)))*(Q2 + Q2*(-1 + (Q2 + (pJT*Sqrt[Q2]*(-u^(-1) + u))/ncBoundzz)/(Q2 - (pJT*Sqrt[Q2])/(ncBoundzz*u))))^2) - (16*(-1 + Nc)*(1 + Nc)*Pi^3*(2*Q2^4 + 2*Q2^3*(-Q2 - (pJT*Sqrt[Q2]*(-u^(-1) + u))/ncBoundzz) + Q2^2*(-Q2 - (pJT*Sqrt[Q2]*(-u^(-1) + u))/ncBoundzz)^2 + 6*Q2^4*(-1 + (Q2 + (pJT*Sqrt[Q2]*(-u^(-1) + u))/ncBoundzz)/(Q2 - (pJT*Sqrt[Q2])/(ncBoundzz*u))) - 2*Q2^3*(-Q2 - (pJT*Sqrt[Q2]*(-u^(-1) + u))/ncBoundzz)*(-1 + (Q2 + (pJT*Sqrt[Q2]*(-u^(-1) + u))/ncBoundzz)/(Q2 - (pJT*Sqrt[Q2])/(ncBoundzz*u))) - 4*Q2^2*(-Q2 - (pJT*Sqrt[Q2]*(-u^(-1) + u))/ncBoundzz)^2*(-1 + (Q2 + (pJT*Sqrt[Q2]*(-u^(-1) + u))/ncBoundzz)/(Q2 - (pJT*Sqrt[Q2])/(ncBoundzz*u))) + 7*Q2^4*(-1 + (Q2 + (pJT*Sqrt[Q2]*(-u^(-1) + u))/ncBoundzz)/(Q2 - (pJT*Sqrt[Q2])/(ncBoundzz*u)))^2 - 4*Q2^3*(-Q2 - (pJT*Sqrt[Q2]*(-u^(-1) + u))/ncBoundzz)*(-1 + (Q2 + (pJT*Sqrt[Q2]*(-u^(-1) + u))/ncBoundzz)/(Q2 - (pJT*Sqrt[Q2])/(ncBoundzz*u)))^2 + Q2^2*(-Q2 - (pJT*Sqrt[Q2]*(-u^(-1) + u))/ncBoundzz)^2*(-1 + (Q2 + (pJT*Sqrt[Q2]*(-u^(-1) + u))/ncBoundzz)/(Q2 - (pJT*Sqrt[Q2])/(ncBoundzz*u)))^2 + 4*Q2^4*(-1 + (Q2 + (pJT*Sqrt[Q2]*(-u^(-1) + u))/ncBoundzz)/(Q2 - (pJT*Sqrt[Q2])/(ncBoundzz*u)))^3 + Q2^4*(-1 + (Q2 + (pJT*Sqrt[Q2]*(-u^(-1) + u))/ncBoundzz)/(Q2 - (pJT*Sqrt[Q2])/(ncBoundzz*u)))^4)*quarkCharge[i]^2)/(Nc*Q2*(-Q2 - (pJT*Sqrt[Q2]*(-u^(-1) + u))/ncBoundzz)*(-1 + (Q2 + (pJT*Sqrt[Q2]*(-u^(-1) + u))/ncBoundzz)/(Q2 - (pJT*Sqrt[Q2])/(ncBoundzz*u)))*(Q2 + Q2*(-1 + (Q2 + (pJT*Sqrt[Q2]*(-u^(-1) + u))/ncBoundzz)/(Q2 - (pJT*Sqrt[Q2])/(ncBoundzz*u))))^2))))/(Nc*ncBoundzz^2*(Q2 + (pJT*Sqrt[Q2]*(-u^(-1) + u))/ncBoundzz)*y^2)))/(1 - ncBoundzz) + (-(((-1 + Nc^2)*Q2*f1[{i, sigma}, ((Q2 + pJT*Sqrt[Q2]*(-u^(-1) + u))*xB)/(Q2 - (pJT*Sqrt[Q2])/u), muCommon]*Log[muCommon^2/(pJT^2*R^2)]*((-32*(-1 + Nc)*(1 + Nc)*Pi^3*(2*Q2^4 + 2*Q2^3*(-Q2 - pJT*Sqrt[Q2]*(-u^(-1) + u)) + Q2^2*(-Q2 - pJT*Sqrt[Q2]*(-u^(-1) + u))^2 + 6*Q2^4*(-1 + (Q2 + pJT*Sqrt[Q2]*(-u^(-1) + u))/(Q2 - (pJT*Sqrt[Q2])/u)) + 2*Q2^3*(-Q2 - pJT*Sqrt[Q2]*(-u^(-1) + u))*(-1 + (Q2 + pJT*Sqrt[Q2]*(-u^(-1) + u))/(Q2 - (pJT*Sqrt[Q2])/u)) + 7*Q2^4*(-1 + (Q2 + pJT*Sqrt[Q2]*(-u^(-1) + u))/(Q2 - (pJT*Sqrt[Q2])/u))^2 + Q2^2*(-Q2 - pJT*Sqrt[Q2]*(-u^(-1) + u))^2*(-1 + (Q2 + pJT*Sqrt[Q2]*(-u^(-1) + u))/(Q2 - (pJT*Sqrt[Q2])/u))^2 + 4*Q2^4*(-1 + (Q2 + pJT*Sqrt[Q2]*(-u^(-1) + u))/(Q2 - (pJT*Sqrt[Q2])/u))^3 + Q2^4*(-1 + (Q2 + pJT*Sqrt[Q2]*(-u^(-1) + u))/(Q2 - (pJT*Sqrt[Q2])/u))^4)*(1 + (1 - y)^2)*quarkCharge[i]^2)/(Nc*Q2*(-Q2 - pJT*Sqrt[Q2]*(-u^(-1) + u))*(-1 + (Q2 + pJT*Sqrt[Q2]*(-u^(-1) + u))/(Q2 - (pJT*Sqrt[Q2])/u))*(Q2 + Q2*(-1 + (Q2 + pJT*Sqrt[Q2]*(-u^(-1) + u))/(Q2 - (pJT*Sqrt[Q2])/u)))^2) + 4*(1 - y)*((16*(-1 + Nc)*(1 + Nc)*Pi^3*(2*Q2^4 + 2*Q2^3*(-Q2 - pJT*Sqrt[Q2]*(-u^(-1) + u)) + Q2^2*(-Q2 - pJT*Sqrt[Q2]*(-u^(-1) + u))^2 + 6*Q2^4*(-1 + (Q2 + pJT*Sqrt[Q2]*(-u^(-1) + u))/(Q2 - (pJT*Sqrt[Q2])/u)) + 2*Q2^3*(-Q2 - pJT*Sqrt[Q2]*(-u^(-1) + u))*(-1 + (Q2 + pJT*Sqrt[Q2]*(-u^(-1) + u))/(Q2 - (pJT*Sqrt[Q2])/u)) + 7*Q2^4*(-1 + (Q2 + pJT*Sqrt[Q2]*(-u^(-1) + u))/(Q2 - (pJT*Sqrt[Q2])/u))^2 + Q2^2*(-Q2 - pJT*Sqrt[Q2]*(-u^(-1) + u))^2*(-1 + (Q2 + pJT*Sqrt[Q2]*(-u^(-1) + u))/(Q2 - (pJT*Sqrt[Q2])/u))^2 + 4*Q2^4*(-1 + (Q2 + pJT*Sqrt[Q2]*(-u^(-1) + u))/(Q2 - (pJT*Sqrt[Q2])/u))^3 + Q2^4*(-1 + (Q2 + pJT*Sqrt[Q2]*(-u^(-1) + u))/(Q2 - (pJT*Sqrt[Q2])/u))^4)*quarkCharge[i]^2)/(Nc*Q2*(-Q2 - pJT*Sqrt[Q2]*(-u^(-1) + u))*(-1 + (Q2 + pJT*Sqrt[Q2]*(-u^(-1) + u))/(Q2 - (pJT*Sqrt[Q2])/u))*(Q2 + Q2*(-1 + (Q2 + pJT*Sqrt[Q2]*(-u^(-1) + u))/(Q2 - (pJT*Sqrt[Q2])/u)))^2) - (16*(-1 + Nc)*(1 + Nc)*Pi^3*(2*Q2^4 + 2*Q2^3*(-Q2 - pJT*Sqrt[Q2]*(-u^(-1) + u)) + Q2^2*(-Q2 - pJT*Sqrt[Q2]*(-u^(-1) + u))^2 + 6*Q2^4*(-1 + (Q2 + pJT*Sqrt[Q2]*(-u^(-1) + u))/(Q2 - (pJT*Sqrt[Q2])/u)) - 2*Q2^3*(-Q2 - pJT*Sqrt[Q2]*(-u^(-1) + u))*(-1 + (Q2 + pJT*Sqrt[Q2]*(-u^(-1) + u))/(Q2 - (pJT*Sqrt[Q2])/u)) - 4*Q2^2*(-Q2 - pJT*Sqrt[Q2]*(-u^(-1) + u))^2*(-1 + (Q2 + pJT*Sqrt[Q2]*(-u^(-1) + u))/(Q2 - (pJT*Sqrt[Q2])/u)) + 7*Q2^4*(-1 + (Q2 + pJT*Sqrt[Q2]*(-u^(-1) + u))/(Q2 - (pJT*Sqrt[Q2])/u))^2 - 4*Q2^3*(-Q2 - pJT*Sqrt[Q2]*(-u^(-1) + u))*(-1 + (Q2 + pJT*Sqrt[Q2]*(-u^(-1) + u))/(Q2 - (pJT*Sqrt[Q2])/u))^2 + Q2^2*(-Q2 - pJT*Sqrt[Q2]*(-u^(-1) + u))^2*(-1 + (Q2 + pJT*Sqrt[Q2]*(-u^(-1) + u))/(Q2 - (pJT*Sqrt[Q2])/u))^2 + 4*Q2^4*(-1 + (Q2 + pJT*Sqrt[Q2]*(-u^(-1) + u))/(Q2 - (pJT*Sqrt[Q2])/u))^3 + Q2^4*(-1 + (Q2 + pJT*Sqrt[Q2]*(-u^(-1) + u))/(Q2 - (pJT*Sqrt[Q2])/u))^4)*quarkCharge[i]^2)/(Nc*Q2*(-Q2 - pJT*Sqrt[Q2]*(-u^(-1) + u))*(-1 + (Q2 + pJT*Sqrt[Q2]*(-u^(-1) + u))/(Q2 - (pJT*Sqrt[Q2])/u))*(Q2 + Q2*(-1 + (Q2 + pJT*Sqrt[Q2]*(-u^(-1) + u))/(Q2 - (pJT*Sqrt[Q2])/u)))^2))))/(Nc*(Q2 + pJT*Sqrt[Q2]*(-u^(-1) + u))*y^2)) + ((-1 + Nc^2)*Q2*f1[{i, sigma}, ((Q2 + (pJT*Sqrt[Q2]*(-u^(-1) + u))/ncBoundzz)*xB)/(Q2 - (pJT*Sqrt[Q2])/(ncBoundzz*u)), muCommon]*Log[muCommon^2/(pJT^2*R^2)]*((-32*(-1 + Nc)*(1 + Nc)*Pi^3*(2*Q2^4 + 2*Q2^3*(-Q2 - (pJT*Sqrt[Q2]*(-u^(-1) + u))/ncBoundzz) + Q2^2*(-Q2 - (pJT*Sqrt[Q2]*(-u^(-1) + u))/ncBoundzz)^2 + 6*Q2^4*(-1 + (Q2 + (pJT*Sqrt[Q2]*(-u^(-1) + u))/ncBoundzz)/(Q2 - (pJT*Sqrt[Q2])/(ncBoundzz*u))) + 2*Q2^3*(-Q2 - (pJT*Sqrt[Q2]*(-u^(-1) + u))/ncBoundzz)*(-1 + (Q2 + (pJT*Sqrt[Q2]*(-u^(-1) + u))/ncBoundzz)/(Q2 - (pJT*Sqrt[Q2])/(ncBoundzz*u))) + 7*Q2^4*(-1 + (Q2 + (pJT*Sqrt[Q2]*(-u^(-1) + u))/ncBoundzz)/(Q2 - (pJT*Sqrt[Q2])/(ncBoundzz*u)))^2 + Q2^2*(-Q2 - (pJT*Sqrt[Q2]*(-u^(-1) + u))/ncBoundzz)^2*(-1 + (Q2 + (pJT*Sqrt[Q2]*(-u^(-1) + u))/ncBoundzz)/(Q2 - (pJT*Sqrt[Q2])/(ncBoundzz*u)))^2 + 4*Q2^4*(-1 + (Q2 + (pJT*Sqrt[Q2]*(-u^(-1) + u))/ncBoundzz)/(Q2 - (pJT*Sqrt[Q2])/(ncBoundzz*u)))^3 + Q2^4*(-1 + (Q2 + (pJT*Sqrt[Q2]*(-u^(-1) + u))/ncBoundzz)/(Q2 - (pJT*Sqrt[Q2])/(ncBoundzz*u)))^4)*(1 + (1 - y)^2)*quarkCharge[i]^2)/(Nc*Q2*(-Q2 - (pJT*Sqrt[Q2]*(-u^(-1) + u))/ncBoundzz)*(-1 + (Q2 + (pJT*Sqrt[Q2]*(-u^(-1) + u))/ncBoundzz)/(Q2 - (pJT*Sqrt[Q2])/(ncBoundzz*u)))*(Q2 + Q2*(-1 + (Q2 + (pJT*Sqrt[Q2]*(-u^(-1) + u))/ncBoundzz)/(Q2 - (pJT*Sqrt[Q2])/(ncBoundzz*u))))^2) + 4*(1 - y)*((16*(-1 + Nc)*(1 + Nc)*Pi^3*(2*Q2^4 + 2*Q2^3*(-Q2 - (pJT*Sqrt[Q2]*(-u^(-1) + u))/ncBoundzz) + Q2^2*(-Q2 - (pJT*Sqrt[Q2]*(-u^(-1) + u))/ncBoundzz)^2 + 6*Q2^4*(-1 + (Q2 + (pJT*Sqrt[Q2]*(-u^(-1) + u))/ncBoundzz)/(Q2 - (pJT*Sqrt[Q2])/(ncBoundzz*u))) + 2*Q2^3*(-Q2 - (pJT*Sqrt[Q2]*(-u^(-1) + u))/ncBoundzz)*(-1 + (Q2 + (pJT*Sqrt[Q2]*(-u^(-1) + u))/ncBoundzz)/(Q2 - (pJT*Sqrt[Q2])/(ncBoundzz*u))) + 7*Q2^4*(-1 + (Q2 + (pJT*Sqrt[Q2]*(-u^(-1) + u))/ncBoundzz)/(Q2 - (pJT*Sqrt[Q2])/(ncBoundzz*u)))^2 + Q2^2*(-Q2 - (pJT*Sqrt[Q2]*(-u^(-1) + u))/ncBoundzz)^2*(-1 + (Q2 + (pJT*Sqrt[Q2]*(-u^(-1) + u))/ncBoundzz)/(Q2 - (pJT*Sqrt[Q2])/(ncBoundzz*u)))^2 + 4*Q2^4*(-1 + (Q2 + (pJT*Sqrt[Q2]*(-u^(-1) + u))/ncBoundzz)/(Q2 - (pJT*Sqrt[Q2])/(ncBoundzz*u)))^3 + Q2^4*(-1 + (Q2 + (pJT*Sqrt[Q2]*(-u^(-1) + u))/ncBoundzz)/(Q2 - (pJT*Sqrt[Q2])/(ncBoundzz*u)))^4)*quarkCharge[i]^2)/(Nc*Q2*(-Q2 - (pJT*Sqrt[Q2]*(-u^(-1) + u))/ncBoundzz)*(-1 + (Q2 + (pJT*Sqrt[Q2]*(-u^(-1) + u))/ncBoundzz)/(Q2 - (pJT*Sqrt[Q2])/(ncBoundzz*u)))*(Q2 + Q2*(-1 + (Q2 + (pJT*Sqrt[Q2]*(-u^(-1) + u))/ncBoundzz)/(Q2 - (pJT*Sqrt[Q2])/(ncBoundzz*u))))^2) - (16*(-1 + Nc)*(1 + Nc)*Pi^3*(2*Q2^4 + 2*Q2^3*(-Q2 - (pJT*Sqrt[Q2]*(-u^(-1) + u))/ncBoundzz) + Q2^2*(-Q2 - (pJT*Sqrt[Q2]*(-u^(-1) + u))/ncBoundzz)^2 + 6*Q2^4*(-1 + (Q2 + (pJT*Sqrt[Q2]*(-u^(-1) + u))/ncBoundzz)/(Q2 - (pJT*Sqrt[Q2])/(ncBoundzz*u))) - 2*Q2^3*(-Q2 - (pJT*Sqrt[Q2]*(-u^(-1) + u))/ncBoundzz)*(-1 + (Q2 + (pJT*Sqrt[Q2]*(-u^(-1) + u))/ncBoundzz)/(Q2 - (pJT*Sqrt[Q2])/(ncBoundzz*u))) - 4*Q2^2*(-Q2 - (pJT*Sqrt[Q2]*(-u^(-1) + u))/ncBoundzz)^2*(-1 + (Q2 + (pJT*Sqrt[Q2]*(-u^(-1) + u))/ncBoundzz)/(Q2 - (pJT*Sqrt[Q2])/(ncBoundzz*u))) + 7*Q2^4*(-1 + (Q2 + (pJT*Sqrt[Q2]*(-u^(-1) + u))/ncBoundzz)/(Q2 - (pJT*Sqrt[Q2])/(ncBoundzz*u)))^2 - 4*Q2^3*(-Q2 - (pJT*Sqrt[Q2]*(-u^(-1) + u))/ncBoundzz)*(-1 + (Q2 + (pJT*Sqrt[Q2]*(-u^(-1) + u))/ncBoundzz)/(Q2 - (pJT*Sqrt[Q2])/(ncBoundzz*u)))^2 + Q2^2*(-Q2 - (pJT*Sqrt[Q2]*(-u^(-1) + u))/ncBoundzz)^2*(-1 + (Q2 + (pJT*Sqrt[Q2]*(-u^(-1) + u))/ncBoundzz)/(Q2 - (pJT*Sqrt[Q2])/(ncBoundzz*u)))^2 + 4*Q2^4*(-1 + (Q2 + (pJT*Sqrt[Q2]*(-u^(-1) + u))/ncBoundzz)/(Q2 - (pJT*Sqrt[Q2])/(ncBoundzz*u)))^3 + Q2^4*(-1 + (Q2 + (pJT*Sqrt[Q2]*(-u^(-1) + u))/ncBoundzz)/(Q2 - (pJT*Sqrt[Q2])/(ncBoundzz*u)))^4)*quarkCharge[i]^2)/(Nc*Q2*(-Q2 - (pJT*Sqrt[Q2]*(-u^(-1) + u))/ncBoundzz)*(-1 + (Q2 + (pJT*Sqrt[Q2]*(-u^(-1) + u))/ncBoundzz)/(Q2 - (pJT*Sqrt[Q2])/(ncBoundzz*u)))*(Q2 + Q2*(-1 + (Q2 + (pJT*Sqrt[Q2]*(-u^(-1) + u))/ncBoundzz)/(Q2 - (pJT*Sqrt[Q2])/(ncBoundzz*u))))^2))))/(Nc*ncBoundzz^2*(Q2 + (pJT*Sqrt[Q2]*(-u^(-1) + u))/ncBoundzz)*y^2))/(1 - ncBoundzz), {ncBoundzz, (pJT*(u^(-1) + (u*xB)/(1 - xB)))/Sqrt[Q2], 1}]))/(2*Pi), {i, 1, Nf}, {sigma, {-1, 1}}]","0","0","0 (symbolic)","Actual saved Born bank; unchanged native HSBuildChannelObservable; hard_NLO isolated out."
"saved_highpt/UU/TMD_input","native_saved_reassembly","EXACT","Inactive[Integrate][ncBoundb*BesselJ[0, (jT*ncBoundb)/zh]*D1Tilde[{i, sigma}, zh, ncBoundb, muCommon, pJT^2*R^2], {ncBoundb, 0, Infinity}]/(2*Pi)","Inactive[Integrate][ncBoundb*BesselJ[0, (jT*ncBoundb)/zh]*D1Tilde[{i, sigma}, zh, ncBoundb, muCommon, pJT^2*R^2], {ncBoundb, 0, Infinity}]/(2*Pi)","0","0","0 (symbolic)","Actual saved Born bank; unchanged native HSBuildChannelObservable; hard_NLO isolated out."
"saved_highpt/UT/LO","native_saved_reassembly","EXACT","Inactive[Sum][(32*Mh*(-1 + Nc)*(1 + Nc)*Pi^2*Q2*(1 + (1 - y)^2)*zh*h1[{i, sigma}, ((Q2 + pJT*Sqrt[Q2]*(-u^(-1) + u))*xB)/(Q2 - (pJT*Sqrt[Q2])/u), muCommon]*quarkCharge[i]^2*Inactive[Integrate][ncBoundb^2*BesselJ[1, (jT*ncBoundb)/zh]*H1perpTilde1[{i, sigma}, zh, ncBoundb, muCommon, pJT^2*R^2], {ncBoundb, 0, Infinity}])/(Nc*(Q2 + pJT*Sqrt[Q2]*(-u^(-1) + u))*y^2), {i, 1, Nf}, {sigma, {-1, 1}}]","Inactive[Sum][(32*Mh*(-1 + Nc)*(1 + Nc)*Pi^2*Q2*(1 + (1 - y)^2)*zh*h1[{i, sigma}, ((Q2 + pJT*Sqrt[Q2]*(-u^(-1) + u))*xB)/(Q2 - (pJT*Sqrt[Q2])/u), muCommon]*quarkCharge[i]^2*Inactive[Integrate][ncBoundb^2*BesselJ[1, (jT*ncBoundb)/zh]*H1perpTilde1[{i, sigma}, zh, ncBoundb, muCommon, pJT^2*R^2], {ncBoundb, 0, Infinity}])/(Nc*(Q2 + pJT*Sqrt[Q2]*(-u^(-1) + u))*y^2), {i, 1, Nf}, {sigma, {-1, 1}}]","0","0","0 (symbolic)","Actual saved Born bank; unchanged native HSBuildChannelObservable; hard_NLO isolated out."
"saved_highpt/UT/Born_times_jet_NLO","native_saved_reassembly","EXACT","Inactive[Sum][(Mh*zh*Inactive[Integrate][ncBoundb^2*BesselJ[1, (jT*ncBoundb)/zh]*H1perpTilde1[{i, sigma}, zh, ncBoundb, muCommon, pJT^2*R^2], {ncBoundb, 0, Infinity}]*((8*(-1 + Nc)*(1 + Nc)*(-1 + Nc^2)*Pi^3*Q2*(1 + (1 - y)^2)*h1[{i, sigma}, ((Q2 + pJT*Sqrt[Q2]*(-u^(-1) + u))*xB)/(Q2 - (pJT*Sqrt[Q2])/u), muCommon]*(Pi^2 - 6*Log[muCommon^2/(pJT^2*R^2)]^2)*quarkCharge[i]^2)/(3*Nc^2*(Q2 + pJT*Sqrt[Q2]*(-u^(-1) + u))*y^2) + (64*(-1 + Nc)*(1 + Nc)*(-1 + Nc^2)*Pi^3*Q2*(1 + (1 - y)^2)*h1[{i, sigma}, ((Q2 + pJT*Sqrt[Q2]*(-u^(-1) + u))*xB)/(Q2 - (pJT*Sqrt[Q2])/u), muCommon]*Log[muCommon^2/(pJT^2*R^2)]*Log[1 - (pJT*(u^(-1) + (u*xB)/(1 - xB)))/Sqrt[Q2]]*quarkCharge[i]^2)/(Nc^2*(Q2 + pJT*Sqrt[Q2]*(-u^(-1) + u))*y^2) - (64*(-1 + Nc)*(1 + Nc)*(-1 + Nc^2)*Pi^3*Q2*(1 + (1 - y)^2)*h1[{i, sigma}, ((Q2 + pJT*Sqrt[Q2]*(-u^(-1) + u))*xB)/(Q2 - (pJT*Sqrt[Q2])/u), muCommon]*Log[1 - (pJT*(u^(-1) + (u*xB)/(1 - xB)))/Sqrt[Q2]]^2*quarkCharge[i]^2)/(Nc^2*(Q2 + pJT*Sqrt[Q2]*(-u^(-1) + u))*y^2) + Inactive[Integrate][(-64*(-1 + Nc)*(1 + Nc)*(-1 + Nc^2)*Pi^3*Q2*(1 + (1 - y)^2)*h1[{i, sigma}, ((Q2 + (pJT*Sqrt[Q2]*(-u^(-1) + u))/ncBoundzz)*xB)/(Q2 - (pJT*Sqrt[Q2])/(ncBoundzz*u)), muCommon]*(-2*Log[1 - ncBoundzz] + Log[muCommon^2/(pJT^2*R^2)])*quarkCharge[i]^2)/(Nc^2*ncBoundzz^2*(Q2 + (pJT*Sqrt[Q2]*(-u^(-1) + u))/ncBoundzz)*y^2) + (Log[1 - ncBoundzz]*((128*(-1 + Nc)*(1 + Nc)*(-1 + Nc^2)*Pi^3*Q2*(1 + (1 - y)^2)*h1[{i, sigma}, ((Q2 + pJT*Sqrt[Q2]*(-u^(-1) + u))*xB)/(Q2 - (pJT*Sqrt[Q2])/u), muCommon]*quarkCharge[i]^2)/(Nc^2*(Q2 + pJT*Sqrt[Q2]*(-u^(-1) + u))*y^2) - (128*(-1 + Nc)*(1 + Nc)*(-1 + Nc^2)*Pi^3*Q2*(1 + (1 - y)^2)*h1[{i, sigma}, ((Q2 + (pJT*Sqrt[Q2]*(-u^(-1) + u))/ncBoundzz)*xB)/(Q2 - (pJT*Sqrt[Q2])/(ncBoundzz*u)), muCommon]*quarkCharge[i]^2)/(Nc^2*ncBoundzz^2*(Q2 + (pJT*Sqrt[Q2]*(-u^(-1) + u))/ncBoundzz)*y^2)))/(1 - ncBoundzz) + ((-64*(-1 + Nc)*(1 + Nc)*(-1 + Nc^2)*Pi^3*Q2*(1 + (1 - y)^2)*h1[{i, sigma}, ((Q2 + pJT*Sqrt[Q2]*(-u^(-1) + u))*xB)/(Q2 - (pJT*Sqrt[Q2])/u), muCommon]*Log[muCommon^2/(pJT^2*R^2)]*quarkCharge[i]^2)/(Nc^2*(Q2 + pJT*Sqrt[Q2]*(-u^(-1) + u))*y^2) + (64*(-1 + Nc)*(1 + Nc)*(-1 + Nc^2)*Pi^3*Q2*(1 + (1 - y)^2)*h1[{i, sigma}, ((Q2 + (pJT*Sqrt[Q2]*(-u^(-1) + u))/ncBoundzz)*xB)/(Q2 - (pJT*Sqrt[Q2])/(ncBoundzz*u)), muCommon]*Log[muCommon^2/(pJT^2*R^2)]*quarkCharge[i]^2)/(Nc^2*ncBoundzz^2*(Q2 + (pJT*Sqrt[Q2]*(-u^(-1) + u))/ncBoundzz)*y^2))/(1 - ncBoundzz), {ncBoundzz, (pJT*(u^(-1) + (u*xB)/(1 - xB)))/Sqrt[Q2], 1}]))/(2*Pi), {i, 1, Nf}, {sigma, {-1, 1}}]","Inactive[Sum][(Mh*zh*Inactive[Integrate][ncBoundb^2*BesselJ[1, (jT*ncBoundb)/zh]*H1perpTilde1[{i, sigma}, zh, ncBoundb, muCommon, pJT^2*R^2], {ncBoundb, 0, Infinity}]*((8*(-1 + Nc)*(1 + Nc)*(-1 + Nc^2)*Pi^3*Q2*(1 + (1 - y)^2)*h1[{i, sigma}, ((Q2 + pJT*Sqrt[Q2]*(-u^(-1) + u))*xB)/(Q2 - (pJT*Sqrt[Q2])/u), muCommon]*(Pi^2 - 6*Log[muCommon^2/(pJT^2*R^2)]^2)*quarkCharge[i]^2)/(3*Nc^2*(Q2 + pJT*Sqrt[Q2]*(-u^(-1) + u))*y^2) + (64*(-1 + Nc)*(1 + Nc)*(-1 + Nc^2)*Pi^3*Q2*(1 + (1 - y)^2)*h1[{i, sigma}, ((Q2 + pJT*Sqrt[Q2]*(-u^(-1) + u))*xB)/(Q2 - (pJT*Sqrt[Q2])/u), muCommon]*Log[muCommon^2/(pJT^2*R^2)]*Log[1 - (pJT*(u^(-1) + (u*xB)/(1 - xB)))/Sqrt[Q2]]*quarkCharge[i]^2)/(Nc^2*(Q2 + pJT*Sqrt[Q2]*(-u^(-1) + u))*y^2) - (64*(-1 + Nc)*(1 + Nc)*(-1 + Nc^2)*Pi^3*Q2*(1 + (1 - y)^2)*h1[{i, sigma}, ((Q2 + pJT*Sqrt[Q2]*(-u^(-1) + u))*xB)/(Q2 - (pJT*Sqrt[Q2])/u), muCommon]*Log[1 - (pJT*(u^(-1) + (u*xB)/(1 - xB)))/Sqrt[Q2]]^2*quarkCharge[i]^2)/(Nc^2*(Q2 + pJT*Sqrt[Q2]*(-u^(-1) + u))*y^2) + Inactive[Integrate][(-64*(-1 + Nc)*(1 + Nc)*(-1 + Nc^2)*Pi^3*Q2*(1 + (1 - y)^2)*h1[{i, sigma}, ((Q2 + (pJT*Sqrt[Q2]*(-u^(-1) + u))/ncBoundzz)*xB)/(Q2 - (pJT*Sqrt[Q2])/(ncBoundzz*u)), muCommon]*(-2*Log[1 - ncBoundzz] + Log[muCommon^2/(pJT^2*R^2)])*quarkCharge[i]^2)/(Nc^2*ncBoundzz^2*(Q2 + (pJT*Sqrt[Q2]*(-u^(-1) + u))/ncBoundzz)*y^2) + (Log[1 - ncBoundzz]*((128*(-1 + Nc)*(1 + Nc)*(-1 + Nc^2)*Pi^3*Q2*(1 + (1 - y)^2)*h1[{i, sigma}, ((Q2 + pJT*Sqrt[Q2]*(-u^(-1) + u))*xB)/(Q2 - (pJT*Sqrt[Q2])/u), muCommon]*quarkCharge[i]^2)/(Nc^2*(Q2 + pJT*Sqrt[Q2]*(-u^(-1) + u))*y^2) - (128*(-1 + Nc)*(1 + Nc)*(-1 + Nc^2)*Pi^3*Q2*(1 + (1 - y)^2)*h1[{i, sigma}, ((Q2 + (pJT*Sqrt[Q2]*(-u^(-1) + u))/ncBoundzz)*xB)/(Q2 - (pJT*Sqrt[Q2])/(ncBoundzz*u)), muCommon]*quarkCharge[i]^2)/(Nc^2*ncBoundzz^2*(Q2 + (pJT*Sqrt[Q2]*(-u^(-1) + u))/ncBoundzz)*y^2)))/(1 - ncBoundzz) + ((-64*(-1 + Nc)*(1 + Nc)*(-1 + Nc^2)*Pi^3*Q2*(1 + (1 - y)^2)*h1[{i, sigma}, ((Q2 + pJT*Sqrt[Q2]*(-u^(-1) + u))*xB)/(Q2 - (pJT*Sqrt[Q2])/u), muCommon]*Log[muCommon^2/(pJT^2*R^2)]*quarkCharge[i]^2)/(Nc^2*(Q2 + pJT*Sqrt[Q2]*(-u^(-1) + u))*y^2) + (64*(-1 + Nc)*(1 + Nc)*(-1 + Nc^2)*Pi^3*Q2*(1 + (1 - y)^2)*h1[{i, sigma}, ((Q2 + (pJT*Sqrt[Q2]*(-u^(-1) + u))/ncBoundzz)*xB)/(Q2 - (pJT*Sqrt[Q2])/(ncBoundzz*u)), muCommon]*Log[muCommon^2/(pJT^2*R^2)]*quarkCharge[i]^2)/(Nc^2*ncBoundzz^2*(Q2 + (pJT*Sqrt[Q2]*(-u^(-1) + u))/ncBoundzz)*y^2))/(1 - ncBoundzz), {ncBoundzz, (pJT*(u^(-1) + (u*xB)/(1 - xB)))/Sqrt[Q2], 1}]))/(2*Pi), {i, 1, Nf}, {sigma, {-1, 1}}]","0","0","0 (symbolic)","Actual saved Born bank; unchanged native HSBuildChannelObservable; hard_NLO isolated out."
"saved_highpt/UT/TMD_input","native_saved_reassembly","EXACT","(Mh*zh*Inactive[Integrate][ncBoundb^2*BesselJ[1, (jT*ncBoundb)/zh]*H1perpTilde1[{i, sigma}, zh, ncBoundb, muCommon, pJT^2*R^2], {ncBoundb, 0, Infinity}])/(2*Pi)","(Mh*zh*Inactive[Integrate][ncBoundb^2*BesselJ[1, (jT*ncBoundb)/zh]*H1perpTilde1[{i, sigma}, zh, ncBoundb, muCommon, pJT^2*R^2], {ncBoundb, 0, Infinity}])/(2*Pi)","0","0","0 (symbolic)","Actual saved Born bank; unchanged native HSBuildChannelObservable; hard_NLO isolated out."
"saved_jet/Uqq/delta","native_saved_reassembly","EXACT","-1/12*(CF*(6*L^2 - Pi^2))","-1/12*(CF*(6*L^2 - Pi^2))","0","0","0 (symbolic)",""
"saved_jet/Uqq/plus0","native_saved_reassembly","EXACT","2*CF*L","2*CF*L","0","0","0 (symbolic)",""
"saved_jet/Uqq/plus1","native_saved_reassembly","EXACT","-4*CF","-4*CF","0","0","0 (symbolic)",""
"saved_jet/Uqq/regular","native_saved_reassembly","EXACT","-(CF*(1 + L - z + L*z - 2*Log[1 - z] - 2*z*Log[1 - z]))","-(CF*(1 + L - z + L*z - 2*Log[1 - z] - 2*z*Log[1 - z]))","0","0","0 (symbolic)",""
"saved_jet/Tqq/delta","native_saved_reassembly","EXACT","-1/12*(CF*(6*L^2 - Pi^2))","-1/12*(CF*(6*L^2 - Pi^2))","0","0","0 (symbolic)",""
"saved_jet/Tqq/plus0","native_saved_reassembly","EXACT","2*CF*L","2*CF*L","0","0","0 (symbolic)",""
"saved_jet/Tqq/plus1","native_saved_reassembly","EXACT","-4*CF","-4*CF","0","0","0 (symbolic)",""
"saved_jet/Tqq/regular","native_saved_reassembly","EXACT","-2*CF*(L - 2*Log[1 - z])","-2*CF*(L - 2*Log[1 - z])","0","0","0 (symbolic)",""
"saved_jet/Uqg/delta","native_saved_reassembly","EXACT","0","0","0","0","0 (symbolic)",""
"saved_jet/Uqg/plus0","native_saved_reassembly","EXACT","0","0","0","0","0 (symbolic)",""
"saved_jet/Uqg/plus1","native_saved_reassembly","EXACT","0","0","0","0","0 (symbolic)",""
"saved_jet/Uqg/regular","native_saved_reassembly","EXACT","(CF*(2*L - 2*L*z - z^2 + L*z^2 - 4*Log[1 - z] + 4*z*Log[1 - z] - 2*z^2*Log[1 - z]))/z","(CF*(2*L - 2*L*z - z^2 + L*z^2 - 4*Log[1 - z] + 4*z*Log[1 - z] - 2*z^2*Log[1 - z]))/z","0","0","0 (symbolic)",""
"jet_test/Uqq/1","distribution_actions","EXACT","-1/2*(CF*(8 + 3*L)) - (CF*(6*L^2 - Pi^2))/12","-1/2*(CF*(8 + 3*L)) - (CF*(6*L^2 - Pi^2))/12","0","0","0 (symbolic)","Smooth polynomial test on [0,1], symbolic L; delta and plus pieces retained."
"jet_test/Uqq/2","distribution_actions","EXACT","-1/18*(CF*(124 + 51*L)) - (CF*(6*L^2 - Pi^2))/12","-4*CF - 2*CF*L - (CF*(52 + 15*L))/18 - (CF*(6*L^2 - Pi^2))/12","0","0","0 (symbolic)","Smooth polynomial test on [0,1], symbolic L; delta and plus pieces retained."
"jet_test/Uqq/3","distribution_actions","EXACT","-1/72*(CF*(1457 + 570*L)) - (CF*(6*L^2 - Pi^2))/4","-11*CF - 5*CF*L - (35*CF*(19 + 6*L))/72 - (CF*(6*L^2 - Pi^2))/4","0","0","0 (symbolic)","Smooth polynomial test on [0,1], symbolic L; delta and plus pieces retained."
"jet_test/Tqq/1","distribution_actions","EXACT","-2*CF*(2 + L) - (CF*(6*L^2 - Pi^2))/12","-2*CF*(2 + L) - (CF*(6*L^2 - Pi^2))/12","0","0","0 (symbolic)","Smooth polynomial test on [0,1], symbolic L; delta and plus pieces retained."
"jet_test/Tqq/2","distribution_actions","EXACT","-(CF*(7 + 3*L)) - (CF*(6*L^2 - Pi^2))/12","-4*CF - 2*CF*L - CF*(3 + L) - (CF*(6*L^2 - Pi^2))/12","0","0","0 (symbolic)","Smooth polynomial test on [0,1], symbolic L; delta and plus pieces retained."
"jet_test/Tqq/3","distribution_actions","EXACT","(-2*CF*(92 + 39*L))/9 - (CF*(6*L^2 - Pi^2))/4","-11*CF - 5*CF*L - (CF*(85 + 33*L))/9 - (CF*(6*L^2 - Pi^2))/4","0","0","0 (symbolic)","Smooth polynomial test on [0,1], symbolic L; delta and plus pieces retained."
"auxiliary_distribution_helper/Uqq","auxiliary_helper_discrepancy","DISCREPANCY","-1/12*(CF*(6*L^2 - Pi^2))","-1/2*(CF*(8 + 3*L)) - (CF*(6*L^2 - Pi^2))/12","(CF*(8 + 3*L))/2","unresolved","0 (symbolic)","Native auxiliary helper versus production action on phi=1. Source newline after its complete SetDelayed RHS leaves the following +Inactive integral outside the definition; production uses HSDistributionOneAction."
"auxiliary_distribution_helper/Tqq","auxiliary_helper_discrepancy","DISCREPANCY","-1/12*(CF*(6*L^2 - Pi^2))","-2*CF*(2 + L) - (CF*(6*L^2 - Pi^2))/12","2*CF*(2 + L)","unresolved","0 (symbolic)","Native auxiliary helper versus production action on phi=1. Source newline after its complete SetDelayed RHS leaves the following +Inactive integral outside the definition; production uses HSDistributionOneAction."
"out_of_jet/Uqq/{0, 1/5}","semiinclusive_difference","EXPECTED_NONZERO_DIFFERENCE","-2.9507421660764189491083865882968303172206033736533066383608326428718672936023`59.90646240737847","-2.95074216607641894910838658829683031722060337365330663967892987639965912320772`59.88507114139192","1.31809723352779182960543`5.244621273848415*^-54","4.4670023991979496683151`5.244621273848415*^-55","1/1000000000000000000000000000000","Expected high-pT minus ep extra-jet coefficient; shared intrinsic input is factored out. No distribution point values."
"out_of_jet/Uqq/{0, 2/5}","semiinclusive_difference","EXPECTED_NONZERO_DIFFERENCE","-3.04877822668699517480663039802111615494277067166647130083716252143119320294756`59.959904745626986","-3.04877822668699517480663039802111615494277067166647130182789333287774569573573`59.94601548986895","9.9073081144655249278817`5.163704435520835*^-55","3.2495994715993047671546`5.163704435520835*^-55","1/1000000000000000000000000000000","Expected high-pT minus ep extra-jet coefficient; shared intrinsic input is factored out. No distribution point values."
"out_of_jet/Uqq/{Log[4], 1/5}","semiinclusive_difference","EXPECTED_NONZERO_DIFFERENCE","-6.16926680215178967926977135481236885943872028390024787027175297894871138007322`60.","-6.1692668021517896792697713548123688594387202839002478715967825541065425095106`60.","1.32502957515783112943738`5.03096202375853*^-54","2.1477910060490035500376`5.03096202375853*^-55","1/1000000000000000000000000000000","Expected high-pT minus ep extra-jet coefficient; shared intrinsic input is factored out. No distribution point values."
"out_of_jet/Uqq/{Log[4], 2/5}","semiinclusive_difference","EXPECTED_NONZERO_DIFFERENCE","-6.7379648720275609096667990060919857259158670263455165636893409067374263168839`60.","-6.73796487202756090966679900609198572591586702634551656468527097440650828458712`60.","9.9593006766908196770322`4.868670106007958*^-55","1.478087355135454651708`4.868670106007958*^-55","1/1000000000000000000000000000000","Expected high-pT minus ep extra-jet coefficient; shared intrinsic input is factored out. No distribution point values."
"out_of_jet/Uqq/{-Log[4], 1/5}","semiinclusive_difference","EXPECTED_NONZERO_DIFFERENCE","-1.61753791687425504514049766283921334390099026608206972647638211875986234630478`59.90978973372993","-1.61753791687425504514049766283921334390099026608206972778754701065761487568137`59.87124498352302","1.31116489189775252937659`5.497862727175891*^-54","8.1059298716870852057902`5.497862727175891*^-55","1/1000000000000000000000000000000","Expected high-pT minus ep extra-jet coefficient; shared intrinsic input is factored out. No distribution point values."
"out_of_jet/Uqq/{-Log[4], 2/5}","semiinclusive_difference","EXPECTED_NONZERO_DIFFERENCE","-1.24491196821963626613995763100816815286817811966313035801145394808979922778773`59.79704090275222","-1.24491196821963626613995763100816815286817811966313035899698550331382224566087`59.773912277123074","9.8553155522402301787314`5.382824538425804*^-55","7.9164758664296855554382`5.382824538425804*^-55","1/1000000000000000000000000000000","Expected high-pT minus ep extra-jet coefficient; shared intrinsic input is factored out. No distribution point values."
"out_of_jet/Tqq/{0, 1/5}","semiinclusive_difference","EXPECTED_NONZERO_DIFFERENCE","-3.08751728696233677910834366421715780136193013799554136014141973172865810659866`59.91020631220406","-3.0875172869623367791083436642171578013619301379955413601414197317286581065985`59.889567647620005","0``59.10912499834675","0``59.59873439622948","1/1000000000000000000000000000000","Expected high-pT minus ep extra-jet coefficient; shared intrinsic input is factored out. No distribution point values."
"out_of_jet/Tqq/{0, 2/5}","semiinclusive_difference","EXPECTED_NONZERO_DIFFERENCE","-3.23066317683921034702274287097026682967645089239982095198245426354601608887933`59.962066393909595","-3.23066317683921034702274287097026682967645089239982095198245426354601608887914`59.94888293088295","0``59.14510296231515","0``59.65439464392755","1/1000000000000000000000000000000","Expected high-pT minus ep extra-jet coefficient; shared intrinsic input is factored out. No distribution point values."
"out_of_jet/Tqq/{Log[4], 1/5}","semiinclusive_difference","EXPECTED_NONZERO_DIFFERENCE","-6.76601665152585406218696635788809790098460860244752699938487924553073707683365`60.","-6.76601665152585406218696635788809790098460860244752699938487924553073707681072`60.","0``58.86863694206099","0``59.69897000433602","1/1000000000000000000000000000000","Expected high-pT minus ep extra-jet coefficient; shared intrinsic input is factored out. No distribution point values."
"out_of_jet/Tqq/{Log[4], 2/5}","semiinclusive_difference","EXPECTED_NONZERO_DIFFERENCE","-7.16980815956563624251878545458232481850001529680911184657911842976489734525907`60.","-7.16980815956563624251878545458232481850001529680911184657911842976489734525097`60.","0``58.84346246880165","0``59.69897000433602","1/1000000000000000000000000000000","Expected high-pT minus ep extra-jet coefficient; shared intrinsic input is factored out. No distribution point values."
"out_of_jet/Tqq/{-Log[4], 1/5}","semiinclusive_difference","EXPECTED_NONZERO_DIFFERENCE","-1.2943383092720263222232168116041392706377554762192600409244300298914182751402`59.889911521975655","-1.29433830927202632222321681160413927063775547621926004092443002989141827516279`59.84427719481086","0``59.45341744352201","0``59.56546524894811","1/1000000000000000000000000000000","Expected high-pT minus ep extra-jet coefficient; shared intrinsic input is factored out. No distribution point values."
"out_of_jet/Tqq/{-Log[4], 2/5}","semiinclusive_difference","EXPECTED_NONZERO_DIFFERENCE","-1.17683858098599127772019612841613040975139029066623437741225990929197397127612`59.787762211892165","-1.17683858098599127772019612841613040975139029066623437741225990929197397128384`59.763835113305596","0``59.403887009602656","0``59.474603907284965","1/1000000000000000000000000000000","Expected high-pT minus ep extra-jet coefficient; shared intrinsic input is factored out. No distribution point values."
"out_of_jet/Uqg/{0, 1/5}","semiinclusive_difference","EXPECTED_NONZERO_DIFFERENCE","2.86986779221022780917730327892972652383548643104288189685834466707184726290987`60.","2.86986779221022780917730327892972652383548643104288189685834466707184726290987`60.","0``59.24110811402575","0``59.698970004336026","1/1000000000000000000000000000000","Expected high-pT minus ep extra-jet coefficient; shared intrinsic input is factored out. No distribution point values."
"out_of_jet/Uqg/{0, 2/5}","semiinclusive_difference","EXPECTED_NONZERO_DIFFERENCE","2.16720136622378316349483835793552384927108363943133601151632018477450003804745`60.","2.16720136622378316349483835793552384927108363943133601151632018477450003804745`60.","0``59.363070738527554","0``59.69897000433601","1/1000000000000000000000000000000","Expected high-pT minus ep extra-jet coefficient; shared intrinsic input is factored out. No distribution point values."
"out_of_jet/Uqg/{Log[4], 1/5}","semiinclusive_difference","EXPECTED_NONZERO_DIFFERENCE","5.90485596787761475932858516340769555239550862739530861889879983424219636720399`60.","5.90485596787761475932858516340769555239550862739530861889879983424219636720399`60.","0``58.927760695632685","0``59.69897000433601","1/1000000000000000000000000000000","Expected high-pT minus ep extra-jet coefficient; shared intrinsic input is factored out. No distribution point values."
"out_of_jet/Uqg/{Log[4], 2/5}","semiinclusive_difference","EXPECTED_NONZERO_DIFFERENCE","3.62549038846908282922114896167078023328981829972761553904278256616427206624638`60.","3.62549038846908282922114896167078023328981829972761553904278256616427206624638`60.","0``59.13960324622847","0``59.69897000433602","1/1000000000000000000000000000000","Expected high-pT minus ep extra-jet coefficient; shared intrinsic input is factored out. No distribution point values."
"out_of_jet/Uqg/{-Log[4], 1/5}","semiinclusive_difference","EXPECTED_NONZERO_DIFFERENCE","-0.16512038345715914097397860554824250472453576530954482518211050004724083325304`60.","-0.16512038345715914097397860554824250472453576530954482518211050004724083325304`60.","0``60.48116931583067","0``60.48116931583067","1/1000000000000000000000000000000","Expected high-pT minus ep extra-jet coefficient; shared intrinsic input is factored out. No distribution point values."
"out_of_jet/Uqg/{-Log[4], 2/5}","semiinclusive_difference","EXPECTED_NONZERO_DIFFERENCE","0.70891234397848349776852775420026746525234897913505648398985780338472800984853`60.","0.70891234397848349776852775420026746525234897913505648398985780338472800984853`60.","0``59.848377465739574","0``59.848377465739574","1/1000000000000000000000000000000","Expected high-pT minus ep extra-jet coefficient; shared intrinsic input is factored out. No distribution point values."
"HF_inner/1/primitive","HF_test_integration","EXACT","-1/450*1/u^5 + 7/(450*u^4) - 1/(30*u^3) + 1/(50*u^2) + ((-1 + 7*u - 15*u^2 + 9*u^3)*v)/(450*u^4) + (4*(-1 + 7*u - 15*u^2 + 9*u^3)*v^2)/(2025*u^3) - ((-17 + 118*u - 249*u^2 + 144*u^3)*v^3)/(4050*u^3) + (4*(1 - 6*u + 9*u^2)*v^4)/(2025*u^2) + (-1 + 7*u - 15*u^2 + 9*u^3)/(450*u^5*(-1 + u*v)) - v^2/(450*(-1 + v)^2*(-1 + u*v)) + v^2/(4050*u^3*(-1 + v)^2*(-1 + u*v)) - (7*v^2)/(4050*u^2*(-1 + v)^2*(-1 + u*v)) + v^2/(270*u*(-1 + v)^2*(-1 + u*v)) - v^3/(675*(-1 + v)^2*(-1 + u*v)) + v^3/(270*u^3*(-1 + v)^2*(-1 + u*v)) - (16*v^3)/(675*u^2*(-1 + v)^2*(-1 + u*v)) + (163*v^3)/(4050*u*(-1 + v)^2*(-1 + u*v)) - (4*u*v^3)/(225*(-1 + v)^2*(-1 + u*v)) - (23*v^4)/(675*(-1 + v)^2*(-1 + u*v)) - (11*v^4)/(1350*u^3*(-1 + v)^2*(-1 + u*v)) + (34*v^4)/(675*u^2*(-1 + v)^2*(-1 + u*v)) - (301*v^4)/(4050*u*(-1 + v)^2*(-1 + u*v)) + (16*u*v^4)/(225*(-1 + v)^2*(-1 + u*v)) + (7*v^5)/(75*(-1 + v)^2*(-1 + u*v)) + (17*v^5)/(4050*u^3*(-1 + v)^2*(-1 + u*v)) - (46*v^5)/(2025*u^2*(-1 + v)^2*(-1 + u*v)) + v^5/(90*u*(-1 + v)^2*(-1 + u*v)) - (8*u*v^5)/(75*(-1 + v)^2*(-1 + u*v)) - (91*v^6)/(1350*(-1 + v)^2*(-1 + u*v)) - v^6/(450*u^2*(-1 + v)^2*(-1 + u*v)) + (43*v^6)/(2025*u*(-1 + v)^2*(-1 + u*v)) + (16*u*v^6)/(225*(-1 + v)^2*(-1 + u*v)) + (8*v^7)/(675*(-1 + v)^2*(-1 + u*v)) - (4*v^7)/(2025*u*(-1 + v)^2*(-1 + u*v)) - (4*u*v^7)/(225*(-1 + v)^2*(-1 + u*v))","0","0","0","0 (symbolic)","Exact primitive of the actual saved kernel times the chosen physical-class HF input; 0<u<1, 0<v<1."
"HF_inner/1/sample1","HF_test_integration","NUMERICAL_AGREEMENT","0.0032371337782297681137399742791264032255557941742220410916040760326589506917`60.","0.00323713377822976811373997427912640322555579417422204109160407603289490784133`60.","0``62.188809356849895","0``62.188809356849895","1/1000000000000000000000000000000","Independent high-precision v quadrature checks the analytic inner integral."
"HF_inner/1/sample2","HF_test_integration","NUMERICAL_AGREEMENT","0.00205924205769120879293186322921532005796773901414116336543760346095251212731`60.","0.00205924205769120879293186322921532005796773901414116336543760346120109250011`60.","0``62.385262604711265","0``62.385262604711265","1/1000000000000000000000000000000","Independent high-precision v quadrature checks the analytic inner integral."
"HF_inner/2/primitive","HF_test_integration","EXACT","v^2/(4050*u^4*(-1 + v)^2*(-1 + u*v)) - (7*v^2)/(4050*u^3*(-1 + v)^2*(-1 + u*v)) + v^2/(270*u^2*(-1 + v)^2*(-1 + u*v)) - v^2/(450*u*(-1 + v)^2*(-1 + u*v)) + v^3/(45*(-1 + v)^2*(-1 + u*v)) + (7*v^3)/(2025*u^4*(-1 + v)^2*(-1 + u*v)) - (2*v^3)/(75*u^3*(-1 + v)^2*(-1 + u*v)) + (28*v^3)/(405*u^2*(-1 + v)^2*(-1 + u*v)) - (46*v^3)/(675*u*(-1 + v)^2*(-1 + u*v)) + (11*v^4)/(450*(-1 + v)^2*(-1 + u*v)) - (13*v^4)/(1350*u^4*(-1 + v)^2*(-1 + u*v)) + (277*v^4)/(4050*u^3*(-1 + v)^2*(-1 + u*v)) - (302*v^4)/(2025*u^2*(-1 + v)^2*(-1 + u*v)) + (58*v^4)/(675*u*(-1 + v)^2*(-1 + u*v)) - (u*v^4)/(50*(-1 + v)^2*(-1 + u*v)) - (2*v^5)/(15*(-1 + v)^2*(-1 + u*v)) + (16*v^5)/(2025*u^4*(-1 + v)^2*(-1 + u*v)) - (97*v^5)/(2025*u^3*(-1 + v)^2*(-1 + u*v)) + (14*v^5)/(225*u^2*(-1 + v)^2*(-1 + u*v)) + (16*v^5)/(225*u*(-1 + v)^2*(-1 + u*v)) + (u*v^5)/(25*(-1 + v)^2*(-1 + u*v)) + (47*v^6)/(450*(-1 + v)^2*(-1 + u*v)) - (4*v^6)/(2025*u^4*(-1 + v)^2*(-1 + u*v)) + (4*v^6)/(675*u^3*(-1 + v)^2*(-1 + u*v)) + (113*v^6)/(4050*u^2*(-1 + v)^2*(-1 + u*v)) - (157*v^6)/(1350*u*(-1 + v)^2*(-1 + u*v)) - (u*v^6)/(50*(-1 + v)^2*(-1 + u*v)) - (4*v^7)/(225*(-1 + v)^2*(-1 + u*v)) + (4*v^7)/(2025*u^3*(-1 + v)^2*(-1 + u*v)) - (28*v^7)/(2025*u^2*(-1 + v)^2*(-1 + u*v)) + (4*v^7)/(135*u*(-1 + v)^2*(-1 + u*v)) + Log[u]/(225*u^5) - (7*Log[u])/(225*u^4) + Log[u]/(15*u^3) - Log[u]/(25*u^2) - ((-1 + 7*u - 15*u^2 + 9*u^3)*v*Log[u])/(225*u^4) + (v^2*Log[u])/(225*(-1 + v)^2*(-1 + u*v)) - (v^2*Log[u])/(2025*u^3*(-1 + v)^2*(-1 + u*v)) + (7*v^2*Log[u])/(2025*u^2*(-1 + v)^2*(-1 + u*v)) - (v^2*Log[u])/(135*u*(-1 + v)^2*(-1 + u*v)) + (2*v^3*Log[u])/(675*(-1 + v)^2*(-1 + u*v)) - (v^3*Log[u])/(135*u^3*(-1 + v)^2*(-1 + u*v)) + (32*v^3*Log[u])/(675*u^2*(-1 + v)^2*(-1 + u*v)) - (163*v^3*Log[u])/(2025*u*(-1 + v)^2*(-1 + u*v)) + (8*u*v^3*Log[u])/(225*(-1 + v)^2*(-1 + u*v)) + (46*v^4*Log[u])/(675*(-1 + v)^2*(-1 + u*v)) + (11*v^4*Log[u])/(675*u^3*(-1 + v)^2*(-1 + u*v)) - (68*v^4*Log[u])/(675*u^2*(-1 + v)^2*(-1 + u*v)) + (301*v^4*Log[u])/(2025*u*(-1 + v)^2*(-1 + u*v)) - (32*u*v^4*Log[u])/(225*(-1 + v)^2*(-1 + u*v)) - (14*v^5*Log[u])/(75*(-1 + v)^2*(-1 + u*v)) - (17*v^5*Log[u])/(2025*u^3*(-1 + v)^2*(-1 + u*v)) + (92*v^5*Log[u])/(2025*u^2*(-1 + v)^2*(-1 + u*v)) - (v^5*Log[u])/(45*u*(-1 + v)^2*(-1 + u*v)) + (16*u*v^5*Log[u])/(75*(-1 + v)^2*(-1 + u*v)) + (91*v^6*Log[u])/(675*(-1 + v)^2*(-1 + u*v)) + (v^6*Log[u])/(225*u^2*(-1 + v)^2*(-1 + u*v)) - (86*v^6*Log[u])/(2025*u*(-1 + v)^2*(-1 + u*v)) - (32*u*v^6*Log[u])/(225*(-1 + v)^2*(-1 + u*v)) - (16*v^7*Log[u])/(675*(-1 + v)^2*(-1 + u*v)) + (8*v^7*Log[u])/(2025*u*(-1 + v)^2*(-1 + u*v)) + (8*u*v^7*Log[u])/(225*(-1 + v)^2*(-1 + u*v)) + (Log[u] - 7*u*Log[u] + 15*u^2*Log[u] - 9*u^3*Log[u])/(225*u^5*(-1 + u*v)) - (4*v^4*(1 - 7*u + 15*u^2 - 9*u^3 + 2*u^2*Log[u] - 12*u^3*Log[u] + 18*u^4*Log[u]))/(2025*u^4) - (v^2*(-1 + 7*u - 15*u^2 + 9*u^3 - 16*u*Log[u] + 112*u^2*Log[u] - 240*u^3*Log[u] + 144*u^4*Log[u]))/(4050*u^4) + (v^3*(16 - 121*u + 303*u^2 - 279*u^3 + 81*u^4 - 34*u*Log[u] + 236*u^2*Log[u] - 498*u^3*Log[u] + 288*u^4*Log[u]))/(4050*u^4)","0","0","0","0 (symbolic)","Exact primitive of the actual saved kernel times the chosen physical-class HF input; 0<u<1, 0<v<1."
"HF_inner/2/sample1","HF_test_integration","NUMERICAL_AGREEMENT","0.00313897848358993599199870566973050112067825202685597947179667898178325901422`60.","0.00313897848358993599199870566973050112067825202685597947179667898197460379613`60.","0``62.20218166553632","0``62.20218166553632","1/1000000000000000000000000000000","Independent high-precision v quadrature checks the analytic inner integral."
"HF_inner/2/sample2","HF_test_integration","NUMERICAL_AGREEMENT","0.00364895433588581525000251854168313018185754251682271877767800093479597331847`60.","0.0036489543358858152500025185416831301818575425168227187776780009351405788869`60.","0``62.136801575829395","0``62.136801575829395","1/1000000000000000000000000000000","Independent high-precision v quadrature checks the analytic inner integral."
"k1/UU0","common_intrinsic_native_assemblies","NUMERICAL_AGREEMENT","0.00021169538709836386802845682176840872790862325559108251337210622214625252835`60.","0.00021169538709836386802845682176840872790862325559108251337210622214625252835`60.","0``63.37325860961161","0``63.37325860961161","1/1000000000000000000000000000000","Shared ep small-b input supplied to high-pT, explicit normalization/sign map; polarized NLO includes nonzero physical-class HF."
"k1/UU1","common_intrinsic_native_assemblies","NUMERICAL_AGREEMENT","-0.00272574890854356313587268562057950341237246670472331376608415597094767110684`60.","-0.00272574890854356313587268562057950341237246670472331376608415597094767110684`60.","0``62.263484157480235","0``62.263484157480235","1/1000000000000000000000000000000","Shared ep small-b input supplied to high-pT, explicit normalization/sign map; polarized NLO includes nonzero physical-class HF."
"k1/UT0","common_intrinsic_native_assemblies","NUMERICAL_AGREEMENT","4.7678218246473478178601931395159357632031816370096601988828264905329096986087580175160057`60.*^-8","4.7678218246473478178601931395159357632031816370096601988828264905329096986087580175160057`60.*^-8","0``67.020649987054","0``67.020649987054","1/1000000000000000000000000000000","Shared ep small-b input supplied to high-pT, explicit normalization/sign map; polarized NLO includes nonzero physical-class HF."
"k1/UT1","common_intrinsic_native_assemblies","NUMERICAL_AGREEMENT","-6.2002889305752252288926688936650645356200848815126866239619486094753323`60.*^-7","-6.2002889305752252288926688936650645356200848815126866239619486094753323`60.*^-7","0``65.9065580764457","0``65.9065580764457","1/1000000000000000000000000000000","Shared ep small-b input supplied to high-pT, explicit normalization/sign map; polarized NLO includes nonzero physical-class HF."
"k1/physical_Uqq","weighted_semiinclusive_difference","EXPECTED_NONZERO_DIFFERENCE","0.00113900995757221473356227845200248828039395168324214375026311005462304366377`59.740153016918796","0.00113900995757221473356227845200248828039395168324214375026311005462304366377`59.227089306258755","0``62.054333657221285","0``62.054333657221285","1/1000000000000000000000000000000","Actual HSBuildChannelObservable Born-times-jet action; archived Born coefficients, Q2=10000, xB=1/10, exp(etaJ)=6/5, y=2/5, one quark, PDF=x(1-x)^3 (UT times 2/5). Delta(w) solved independently; reduced by native Born weight. Difference from ep extra jet=0, coefficient of relative a."
"k1/physical_Tqq","weighted_semiinclusive_difference","EXPECTED_NONZERO_DIFFERENCE","4.3896627957238138531992585767231505230830846891541490420819791917763903`59.722560449103725*^-7","4.3896627957238138531992585767231505230830846891541490420819791917763903`59.322760775620765*^-7","0``65.53473210070332","0``65.53473210070332","1/1000000000000000000000000000000","Actual HSBuildChannelObservable Born-times-jet action; archived Born coefficients, Q2=10000, xB=1/10, exp(etaJ)=6/5, y=2/5, one quark, PDF=x(1-x)^3 (UT times 2/5). Delta(w) solved independently; reduced by native Born weight. Difference from ep extra jet=0, coefficient of relative a."
"k1/recoil_separate","recoil_expected_difference","EXPECTED_NONZERO_DIFFERENCE","2.66979445779451160733667921781932127916908930006331721348142701867205239150283`60.","2.66979445779451160733667921781932127916908930006331721348142701867205239150283`60.","0``59.27249217715937","0``59.69897000433602","1/1000000000000000000000000000000","Saved native ep recoil coefficient retained outside fragmentation comparison; high-pT has no electron-jet recoil observable."
"HF_inner/3/primitive","HF_test_integration","EXACT","-3/(400*u^5) + 3/(80*u^4) - 3/(50*u^3) + 3/(100*u^2) + (3*(-1 + 5*u - 8*u^2 + 4*u^3)*v)/(400*u^4) + ((-1 + 5*u - 8*u^2 + 4*u^3)*v^2)/(150*u^3) - ((-17 + 84*u - 132*u^2 + 64*u^3)*v^3)/(1200*u^3) + ((1 - 4*u + 4*u^2)*v^4)/(150*u^2) + (3*(-1 + 5*u - 8*u^2 + 4*u^3))/(400*u^5*(-1 + u*v)) - v^2/(300*(-1 + v)^2*(-1 + u*v)) + v^2/(1200*u^3*(-1 + v)^2*(-1 + u*v)) - v^2/(240*u^2*(-1 + v)^2*(-1 + u*v)) + v^2/(150*u*(-1 + v)^2*(-1 + u*v)) + v^3/(150*(-1 + v)^2*(-1 + u*v)) + v^3/(80*u^3*(-1 + v)^2*(-1 + u*v)) - (11*v^3)/(200*u^2*(-1 + v)^2*(-1 + u*v)) + (19*v^3)/(300*u*(-1 + v)^2*(-1 + u*v)) - (2*u*v^3)/(75*(-1 + v)^2*(-1 + u*v)) - (13*v^4)/(150*(-1 + v)^2*(-1 + u*v)) - (11*v^4)/(400*u^3*(-1 + v)^2*(-1 + u*v)) + (23*v^4)/(200*u^2*(-1 + v)^2*(-1 + u*v)) - (31*v^4)/(300*u*(-1 + v)^2*(-1 + u*v)) + (8*u*v^4)/(75*(-1 + v)^2*(-1 + u*v)) + (29*v^5)/(150*(-1 + v)^2*(-1 + u*v)) + (17*v^5)/(1200*u^3*(-1 + v)^2*(-1 + u*v)) - (29*v^5)/(600*u^2*(-1 + v)^2*(-1 + u*v)) - v^5/(60*u*(-1 + v)^2*(-1 + u*v)) - (4*u*v^5)/(25*(-1 + v)^2*(-1 + u*v)) - (41*v^6)/(300*(-1 + v)^2*(-1 + u*v)) - (3*v^6)/(400*u^2*(-1 + v)^2*(-1 + u*v)) + (17*v^6)/(300*u*(-1 + v)^2*(-1 + u*v)) + (8*u*v^6)/(75*(-1 + v)^2*(-1 + u*v)) + (2*v^7)/(75*(-1 + v)^2*(-1 + u*v)) - v^7/(150*u*(-1 + v)^2*(-1 + u*v)) - (2*u*v^7)/(75*(-1 + v)^2*(-1 + u*v))","0","0","0","0 (symbolic)","Exact primitive of the actual saved kernel times the chosen physical-class HF input; 0<u<1, 0<v<1."
"HF_inner/3/sample1","HF_test_integration","NUMERICAL_AGREEMENT","0.00181575469595362138293850664801014817751703774477829928096489881543845200047`60.","0.001815754695953621382938506648010148177517037744778299280964898815438463916`60.","0``62.43991282831707","0``62.43991282831707","1/1000000000000000000000000000000","Independent high-precision v quadrature checks the analytic inner integral."
"HF_inner/3/sample2","HF_test_integration","NUMERICAL_AGREEMENT","0.00084671649997527541297143048232458736857178284818065439533065106890779715847`60.","0.00084671649997527541297143048232458736857178284818065439533065106890809334333`60.","0``62.77123198137978","0``62.77123198137978","1/1000000000000000000000000000000","Independent high-precision v quadrature checks the analytic inner integral."
"HF_inner/4/primitive","HF_test_integration","EXACT","v^2/(1200*u^4*(-1 + v)^2*(-1 + u*v)) - v^2/(240*u^3*(-1 + v)^2*(-1 + u*v)) + v^2/(150*u^2*(-1 + v)^2*(-1 + u*v)) - v^2/(300*u*(-1 + v)^2*(-1 + u*v)) + v^3/(30*(-1 + v)^2*(-1 + u*v)) + (7*v^3)/(600*u^4*(-1 + v)^2*(-1 + u*v)) - v^3/(15*u^3*(-1 + v)^2*(-1 + u*v)) + (27*v^3)/(200*u^2*(-1 + v)^2*(-1 + u*v)) - (17*v^3)/(150*u*(-1 + v)^2*(-1 + u*v)) + (7*v^4)/(150*(-1 + v)^2*(-1 + u*v)) - (13*v^4)/(400*u^4*(-1 + v)^2*(-1 + u*v)) + (199*v^4)/(1200*u^3*(-1 + v)^2*(-1 + u*v)) - (323*v^4)/(1200*u^2*(-1 + v)^2*(-1 + u*v)) + (143*v^4)/(1200*u*(-1 + v)^2*(-1 + u*v)) - (3*u*v^4)/(100*(-1 + v)^2*(-1 + u*v)) - (11*v^5)/(50*(-1 + v)^2*(-1 + u*v)) + (2*v^5)/(75*u^4*(-1 + v)^2*(-1 + u*v)) - (13*v^5)/(120*u^3*(-1 + v)^2*(-1 + u*v)) + (11*v^5)/(150*u^2*(-1 + v)^2*(-1 + u*v)) + (101*v^5)/(600*u*(-1 + v)^2*(-1 + u*v)) + (3*u*v^5)/(50*(-1 + v)^2*(-1 + u*v)) + v^6/(6*(-1 + v)^2*(-1 + u*v)) - v^6/(150*u^4*(-1 + v)^2*(-1 + u*v)) + v^6/(150*u^3*(-1 + v)^2*(-1 + u*v)) + (7*v^6)/(80*u^2*(-1 + v)^2*(-1 + u*v)) - (269*v^6)/(1200*u*(-1 + v)^2*(-1 + u*v)) - (3*u*v^6)/(100*(-1 + v)^2*(-1 + u*v)) - (2*v^7)/(75*(-1 + v)^2*(-1 + u*v)) + v^7/(150*u^3*(-1 + v)^2*(-1 + u*v)) - v^7/(30*u^2*(-1 + v)^2*(-1 + u*v)) + (4*v^7)/(75*u*(-1 + v)^2*(-1 + u*v)) + (3*Log[u])/(200*u^5) - (3*Log[u])/(40*u^4) + (3*Log[u])/(25*u^3) - (3*Log[u])/(50*u^2) - (3*(-1 + 5*u - 8*u^2 + 4*u^3)*v*Log[u])/(200*u^4) + (v^2*Log[u])/(150*(-1 + v)^2*(-1 + u*v)) - (v^2*Log[u])/(600*u^3*(-1 + v)^2*(-1 + u*v)) + (v^2*Log[u])/(120*u^2*(-1 + v)^2*(-1 + u*v)) - (v^2*Log[u])/(75*u*(-1 + v)^2*(-1 + u*v)) - (v^3*Log[u])/(75*(-1 + v)^2*(-1 + u*v)) - (v^3*Log[u])/(40*u^3*(-1 + v)^2*(-1 + u*v)) + (11*v^3*Log[u])/(100*u^2*(-1 + v)^2*(-1 + u*v)) - (19*v^3*Log[u])/(150*u*(-1 + v)^2*(-1 + u*v)) + (4*u*v^3*Log[u])/(75*(-1 + v)^2*(-1 + u*v)) + (13*v^4*Log[u])/(75*(-1 + v)^2*(-1 + u*v)) + (11*v^4*Log[u])/(200*u^3*(-1 + v)^2*(-1 + u*v)) - (23*v^4*Log[u])/(100*u^2*(-1 + v)^2*(-1 + u*v)) + (31*v^4*Log[u])/(150*u*(-1 + v)^2*(-1 + u*v)) - (16*u*v^4*Log[u])/(75*(-1 + v)^2*(-1 + u*v)) - (29*v^5*Log[u])/(75*(-1 + v)^2*(-1 + u*v)) - (17*v^5*Log[u])/(600*u^3*(-1 + v)^2*(-1 + u*v)) + (29*v^5*Log[u])/(300*u^2*(-1 + v)^2*(-1 + u*v)) + (v^5*Log[u])/(30*u*(-1 + v)^2*(-1 + u*v)) + (8*u*v^5*Log[u])/(25*(-1 + v)^2*(-1 + u*v)) + (41*v^6*Log[u])/(150*(-1 + v)^2*(-1 + u*v)) + (3*v^6*Log[u])/(200*u^2*(-1 + v)^2*(-1 + u*v)) - (17*v^6*Log[u])/(150*u*(-1 + v)^2*(-1 + u*v)) - (16*u*v^6*Log[u])/(75*(-1 + v)^2*(-1 + u*v)) - (4*v^7*Log[u])/(75*(-1 + v)^2*(-1 + u*v)) + (v^7*Log[u])/(75*u*(-1 + v)^2*(-1 + u*v)) + (4*u*v^7*Log[u])/(75*(-1 + v)^2*(-1 + u*v)) - (3*(-Log[u] + 5*u*Log[u] - 8*u^2*Log[u] + 4*u^3*Log[u]))/(200*u^5*(-1 + u*v)) - (v^4*(1 - 5*u + 8*u^2 - 4*u^3 + 2*u^2*Log[u] - 8*u^3*Log[u] + 8*u^4*Log[u]))/(150*u^4) - (v^2*(-1 + 5*u - 8*u^2 + 4*u^3 - 16*u*Log[u] + 80*u^2*Log[u] - 128*u^3*Log[u] + 64*u^4*Log[u]))/(1200*u^4) + (v^3*(16 - 89*u + 173*u^2 - 136*u^3 + 36*u^4 - 34*u*Log[u] + 168*u^2*Log[u] - 264*u^3*Log[u] + 128*u^4*Log[u]))/(1200*u^4)","0","0","0","0 (symbolic)","Exact primitive of the actual saved kernel times the chosen physical-class HF input; 0<u<1, 0<v<1."
"HF_inner/4/sample1","HF_test_integration","NUMERICAL_AGREEMENT","0.00121687378310858039133564098632886408414955402302285970530560892284075985967`60.","0.00121687378310858039133564098632886408414955402302285970530560914201213930259`60.","0``62.61372446977247","0``62.61372446977247","1/1000000000000000000000000000000","Independent high-precision v quadrature checks the analytic inner integral."
"HF_inner/4/sample2","HF_test_integration","NUMERICAL_AGREEMENT","0.0009657863225279190712223744959983372396285879213064089086329194088654831985`60.","0.00096578632252791907122237449599833723962858792130640890863291940886576161437`60.","0``62.71408895370937","0``62.71408895370937","1/1000000000000000000000000000000","Independent high-precision v quadrature checks the analytic inner integral."
"k2/UU0","common_intrinsic_native_assemblies","NUMERICAL_AGREEMENT","0.0000507900028571149707750351320638285018831433743565450079478856932524145931`60.","0.0000507900028571149707750351320638285018831433743565450079478856932524145931`60.","0``63.99319176707684","0``63.99319176707684","1/1000000000000000000000000000000","Shared ep small-b input supplied to high-pT, explicit normalization/sign map; polarized NLO includes nonzero physical-class HF."
"k2/UU1","common_intrinsic_native_assemblies","NUMERICAL_AGREEMENT","-0.00014630026611535271695211340959412961273530557253242741289006826789996961441`60.","-0.00014630026611535271695211340959412961273530557253242741289006826789996961441`60.","0``63.533724888242666","0``63.533724888242666","1/1000000000000000000000000000000","Shared ep small-b input supplied to high-pT, explicit normalization/sign map; polarized NLO includes nonzero physical-class HF."
"k2/UT0","common_intrinsic_native_assemblies","NUMERICAL_AGREEMENT","7.321930542454048842020757710378485172140283285572473320935896924845788589662890083966795`60.*^-9","7.321930542454048842020757710378485172140283285572473320935896924845788589662890083966795`60.*^-9","0``67.83434439959002","0``67.83434439959002","1/1000000000000000000000000000000","Shared ep small-b input supplied to high-pT, explicit normalization/sign map; polarized NLO includes nonzero physical-class HF."
"k2/UT1","common_intrinsic_native_assemblies","NUMERICAL_AGREEMENT","-9.714079812258628375520550470473366488385023162044333898999858430230666048980970757053835`60.*^-9","-9.714079812258628375520550470473366488385023162044333898999858430230666048980970757053835`60.*^-9","0``67.71156833695923","0``67.71156833695923","1/1000000000000000000000000000000","Shared ep small-b input supplied to high-pT, explicit normalization/sign map; polarized NLO includes nonzero physical-class HF."
"k2/physical_Uqq","weighted_semiinclusive_difference","EXPECTED_NONZERO_DIFFERENCE","0.00045299002826798857005758141212741605761288005652710739355348744910925659504`59.65802639836807","0.00045299002826798857005758141212741605761288005652710739355348744910953499076`59.259560197299606","0``62.45749379532892","0``62.45749379532892","1/1000000000000000000000000000000","Actual HSBuildChannelObservable Born-times-jet action; archived Born coefficients, Q2=10000, xB=1/10, exp(etaJ)=6/5, y=2/5, one quark, PDF=x(1-x)^3 (UT times 2/5). Delta(w) solved independently; reduced by native Born weight. Difference from ep extra jet=0, coefficient of relative a."
"k2/physical_Tqq","weighted_semiinclusive_difference","EXPECTED_NONZERO_DIFFERENCE","7.041473919145673823202255538086949546829462446907639205190724114156765`59.660871943437215*^-8","7.041473919145673823202255538086949546829462446907639205190724114158147`59.23162502076198*^-8","0``66.24655034825787","0``66.24655034825787","1/1000000000000000000000000000000","Actual HSBuildChannelObservable Born-times-jet action; archived Born coefficients, Q2=10000, xB=1/10, exp(etaJ)=6/5, y=2/5, one quark, PDF=x(1-x)^3 (UT times 2/5). Delta(w) solved independently; reduced by native Born weight. Difference from ep extra jet=0, coefficient of relative a."
"k2/recoil_separate","recoil_expected_difference","EXPECTED_NONZERO_DIFFERENCE","-10.726624587381673293215393775270272125325218331068897463175192668646505637186`60.","-10.726624587381673293215393775270272125325218331068897463175192668646505637186`60.","0``58.668506922975425","0``59.69897000433601","1/1000000000000000000000000000000","Saved native ep recoil coefficient retained outside fragmentation comparison; high-pT has no electron-jet recoil observable."
"HF_inner/5/primitive","HF_test_integration","EXACT","-4/(225*u^5) + 16/(225*u^4) - 7/(75*u^3) + 1/(25*u^2) + ((-4 + 16*u - 21*u^2 + 9*u^3)*v)/(225*u^4) + (8*(-4 + 16*u - 21*u^2 + 9*u^3)*v^2)/(2025*u^3) - ((-68 + 268*u - 345*u^2 + 144*u^3)*v^3)/(2025*u^3) + (8*(4 - 12*u + 9*u^2)*v^4)/(2025*u^2) + (-4 + 16*u - 21*u^2 + 9*u^3)/(225*u^5*(-1 + u*v)) - v^2/(225*(-1 + v)^2*(-1 + u*v)) + (4*v^2)/(2025*u^3*(-1 + v)^2*(-1 + u*v)) - (16*v^2)/(2025*u^2*(-1 + v)^2*(-1 + u*v)) + (7*v^2)/(675*u*(-1 + v)^2*(-1 + u*v)) + (14*v^3)/(675*(-1 + v)^2*(-1 + u*v)) + (4*v^3)/(135*u^3*(-1 + v)^2*(-1 + u*v)) - (68*v^3)/(675*u^2*(-1 + v)^2*(-1 + u*v)) + (7*v^3)/(81*u*(-1 + v)^2*(-1 + u*v)) - (8*u*v^3)/(225*(-1 + v)^2*(-1 + u*v)) - (22*v^4)/(135*(-1 + v)^2*(-1 + u*v)) - (44*v^4)/(675*u^3*(-1 + v)^2*(-1 + u*v)) + (28*v^4)/(135*u^2*(-1 + v)^2*(-1 + u*v)) - (241*v^4)/(2025*u*(-1 + v)^2*(-1 + u*v)) + (32*u*v^4)/(225*(-1 + v)^2*(-1 + u*v)) + (74*v^5)/(225*(-1 + v)^2*(-1 + u*v)) + (68*v^5)/(2025*u^3*(-1 + v)^2*(-1 + u*v)) - (164*v^5)/(2025*u^2*(-1 + v)^2*(-1 + u*v)) - (53*v^5)/(675*u*(-1 + v)^2*(-1 + u*v)) - (16*u*v^5)/(75*(-1 + v)^2*(-1 + u*v)) - (31*v^6)/(135*(-1 + v)^2*(-1 + u*v)) - (4*v^6)/(225*u^2*(-1 + v)^2*(-1 + u*v)) + (236*v^6)/(2025*u*(-1 + v)^2*(-1 + u*v)) + (32*u*v^6)/(225*(-1 + v)^2*(-1 + u*v)) + (32*v^7)/(675*(-1 + v)^2*(-1 + u*v)) - (32*v^7)/(2025*u*(-1 + v)^2*(-1 + u*v)) - (8*u*v^7)/(225*(-1 + v)^2*(-1 + u*v))","0","0","0","0 (symbolic)","Exact primitive of the actual saved kernel times the chosen physical-class HF input; 0<u<1, 0<v<1."
"HF_inner/5/sample1","HF_test_integration","NUMERICAL_AGREEMENT","0.00072315650128953047843445266527537831391009011833469946733497298196284096727`60.","0.00072315650128953047843445266527537831391009011833469946733497359173223108115`60.","0``62.83973770940477","0``62.83973770940477","1/1000000000000000000000000000000","Independent high-precision v quadrature checks the analytic inner integral."
"HF_inner/5/sample2","HF_test_integration","NUMERICAL_AGREEMENT","0.000269000695696832797472371355260762692965487073300488782365170194879770667`60.","0.00026900069569683279747237135526076269296548707330048878236517025131330806939`60.","0``63.26921660114809","0``63.26921660114809","1/1000000000000000000000000000000","Independent high-precision v quadrature checks the analytic inner integral."
"HF_inner/6/primitive","HF_test_integration","EXACT","(4*v^2)/(2025*u^4*(-1 + v)^2*(-1 + u*v)) - (16*v^2)/(2025*u^3*(-1 + v)^2*(-1 + u*v)) + (7*v^2)/(675*u^2*(-1 + v)^2*(-1 + u*v)) - v^2/(225*u*(-1 + v)^2*(-1 + u*v)) + (2*v^3)/(45*(-1 + v)^2*(-1 + u*v)) + (56*v^3)/(2025*u^4*(-1 + v)^2*(-1 + u*v)) - (88*v^3)/(675*u^3*(-1 + v)^2*(-1 + u*v)) + (454*v^3)/(2025*u^2*(-1 + v)^2*(-1 + u*v)) - (112*v^3)/(675*u*(-1 + v)^2*(-1 + u*v)) + (17*v^4)/(225*(-1 + v)^2*(-1 + u*v)) - (52*v^4)/(675*u^4*(-1 + v)^2*(-1 + u*v)) + (128*v^4)/(405*u^3*(-1 + v)^2*(-1 + u*v)) - (847*v^4)/(2025*u^2*(-1 + v)^2*(-1 + u*v)) + (97*v^4)/(675*u*(-1 + v)^2*(-1 + u*v)) - (u*v^4)/(25*(-1 + v)^2*(-1 + u*v)) - (8*v^5)/(25*(-1 + v)^2*(-1 + u*v)) + (128*v^5)/(2025*u^4*(-1 + v)^2*(-1 + u*v)) - (392*v^5)/(2025*u^3*(-1 + v)^2*(-1 + u*v)) + (8*v^5)/(135*u^2*(-1 + v)^2*(-1 + u*v)) + (14*v^5)/(45*u*(-1 + v)^2*(-1 + u*v)) + (2*u*v^5)/(25*(-1 + v)^2*(-1 + u*v)) + (53*v^6)/(225*(-1 + v)^2*(-1 + u*v)) - (32*v^6)/(2025*u^4*(-1 + v)^2*(-1 + u*v)) + (76*v^6)/(405*u^2*(-1 + v)^2*(-1 + u*v)) - (248*v^6)/(675*u*(-1 + v)^2*(-1 + u*v)) - (u*v^6)/(25*(-1 + v)^2*(-1 + u*v)) - (8*v^7)/(225*(-1 + v)^2*(-1 + u*v)) + (32*v^7)/(2025*u^3*(-1 + v)^2*(-1 + u*v)) - (128*v^7)/(2025*u^2*(-1 + v)^2*(-1 + u*v)) + (56*v^7)/(675*u*(-1 + v)^2*(-1 + u*v)) + (8*Log[u])/(225*u^5) - (32*Log[u])/(225*u^4) + (14*Log[u])/(75*u^3) - (2*Log[u])/(25*u^2) - (2*(-4 + 16*u - 21*u^2 + 9*u^3)*v*Log[u])/(225*u^4) + (2*v^2*Log[u])/(225*(-1 + v)^2*(-1 + u*v)) - (8*v^2*Log[u])/(2025*u^3*(-1 + v)^2*(-1 + u*v)) + (32*v^2*Log[u])/(2025*u^2*(-1 + v)^2*(-1 + u*v)) - (14*v^2*Log[u])/(675*u*(-1 + v)^2*(-1 + u*v)) - (28*v^3*Log[u])/(675*(-1 + v)^2*(-1 + u*v)) - (8*v^3*Log[u])/(135*u^3*(-1 + v)^2*(-1 + u*v)) + (136*v^3*Log[u])/(675*u^2*(-1 + v)^2*(-1 + u*v)) - (14*v^3*Log[u])/(81*u*(-1 + v)^2*(-1 + u*v)) + (16*u*v^3*Log[u])/(225*(-1 + v)^2*(-1 + u*v)) + (44*v^4*Log[u])/(135*(-1 + v)^2*(-1 + u*v)) + (88*v^4*Log[u])/(675*u^3*(-1 + v)^2*(-1 + u*v)) - (56*v^4*Log[u])/(135*u^2*(-1 + v)^2*(-1 + u*v)) + (482*v^4*Log[u])/(2025*u*(-1 + v)^2*(-1 + u*v)) - (64*u*v^4*Log[u])/(225*(-1 + v)^2*(-1 + u*v)) - (148*v^5*Log[u])/(225*(-1 + v)^2*(-1 + u*v)) - (136*v^5*Log[u])/(2025*u^3*(-1 + v)^2*(-1 + u*v)) + (328*v^5*Log[u])/(2025*u^2*(-1 + v)^2*(-1 + u*v)) + (106*v^5*Log[u])/(675*u*(-1 + v)^2*(-1 + u*v)) + (32*u*v^5*Log[u])/(75*(-1 + v)^2*(-1 + u*v)) + (62*v^6*Log[u])/(135*(-1 + v)^2*(-1 + u*v)) + (8*v^6*Log[u])/(225*u^2*(-1 + v)^2*(-1 + u*v)) - (472*v^6*Log[u])/(2025*u*(-1 + v)^2*(-1 + u*v)) - (64*u*v^6*Log[u])/(225*(-1 + v)^2*(-1 + u*v)) - (64*v^7*Log[u])/(675*(-1 + v)^2*(-1 + u*v)) + (64*v^7*Log[u])/(2025*u*(-1 + v)^2*(-1 + u*v)) + (16*u*v^7*Log[u])/(225*(-1 + v)^2*(-1 + u*v)) - (2*(-4*Log[u] + 16*u*Log[u] - 21*u^2*Log[u] + 9*u^3*Log[u]))/(225*u^5*(-1 + u*v)) - (8*v^4*(4 - 16*u + 21*u^2 - 9*u^3 + 8*u^2*Log[u] - 24*u^3*Log[u] + 18*u^4*Log[u]))/(2025*u^4) - (v^2*(-4 + 16*u - 21*u^2 + 9*u^3 - 64*u*Log[u] + 256*u^2*Log[u] - 336*u^3*Log[u] + 144*u^4*Log[u]))/(2025*u^4) + (v^3*(64 - 292*u + 480*u^2 - 333*u^3 + 81*u^4 - 136*u*Log[u] + 536*u^2*Log[u] - 690*u^3*Log[u] + 288*u^4*Log[u]))/(2025*u^4)","0","0","0","0 (symbolic)","Exact primitive of the actual saved kernel times the chosen physical-class HF input; 0<u<1, 0<v<1."
"HF_inner/6/sample1","HF_test_integration","NUMERICAL_AGREEMENT","0.00030031626046377552824521584020831958555555596735782832831758871413301496316`60.","0.00030031626046377552824521584020831958555555596735782832831758893648122394486`60.","0``63.221391156857294","0``63.221391156857294","1/1000000000000000000000000000000","Independent high-precision v quadrature checks the analytic inner integral."
"HF_inner/6/sample2","HF_test_integration","NUMERICAL_AGREEMENT","0.00018027759749756746538305792390057245691104504044783106745268280338381627569`60.","0.00018027759749756746538305792390057245691104504044783106745268283585365026705`60.","0``63.4430282426035","0``63.4430282426035","1/1000000000000000000000000000000","Independent high-precision v quadrature checks the analytic inner integral."
"k3/UU0","common_intrinsic_native_assemblies","NUMERICAL_AGREEMENT","9.43709367114982117608797692134600726288982842973060330366990106411893137`60.*^-6","9.43709367114982117608797692134600726288982842973060330366990106411893137`60.*^-6","0``64.72413173852541","0``64.72413173852541","1/1000000000000000000000000000000","Shared ep small-b input supplied to high-pT, explicit normalization/sign map; polarized NLO includes nonzero physical-class HF."
"k3/UU1","common_intrinsic_native_assemblies","NUMERICAL_AGREEMENT","-0.000130572603215017740597229329060023797459303097418506860515226112423716922`60.","-0.000130572603215017740597229329060023797459303097418506860515226112423716922`60.","0``63.5831179416443","0``63.5831179416443","1/1000000000000000000000000000000","Shared ep small-b input supplied to high-pT, explicit normalization/sign map; polarized NLO includes nonzero physical-class HF."
"k3/UT0","common_intrinsic_native_assemblies","NUMERICAL_AGREEMENT","5.86763240716357399455198544968276182030943090484004360116119565791454848554891360491586`60.*^-10","5.86763240716357399455198544968276182030943090484004360116119565791454848554891360491586`60.*^-10","0``68.93050710580093","0``68.93050710580093","1/1000000000000000000000000000000","Shared ep small-b input supplied to high-pT, explicit normalization/sign map; polarized NLO includes nonzero physical-class HF."
"k3/UT1","common_intrinsic_native_assemblies","NUMERICAL_AGREEMENT","-8.135556929565154325667464393675559544309605745661099981284619696761165313500880159854191`60.*^-9","-8.135556929565154325667464393675559544309605745661099981284619696761165313500880159854191`60.*^-9","0``67.78858271588207","0``67.78858271588207","1/1000000000000000000000000000000","Shared ep small-b input supplied to high-pT, explicit normalization/sign map; polarized NLO includes nonzero physical-class HF."
"k3/physical_Uqq","weighted_semiinclusive_difference","EXPECTED_NONZERO_DIFFERENCE","0.00003371928274377838143624759289374681157824205085504306853443213337845559663`59.7634032076017","0.0000337192827437783814362475928937468115782420508550430685344321333783406531`59.105433375511225","0``63.49126597163976","0``63.49126597163976","1/1000000000000000000000000000000","Actual HSBuildChannelObservable Born-times-jet action; archived Born coefficients, Q2=10000, xB=1/10, exp(etaJ)=6/5, y=2/5, one quark, PDF=x(1-x)^3 (UT times 2/5). Delta(w) solved independently; reduced by native Born weight. Difference from ep extra jet=0, coefficient of relative a."
"k3/physical_Tqq","weighted_semiinclusive_difference","EXPECTED_NONZERO_DIFFERENCE","2.58595759481814980870554822977308788813209102804653864665672605556372728969425604651025`59.7504525404662*^-9","2.585957594818149808705548229773087888132091028046538646656726055564057973744313948472943`59.17938987925332*^-9","0``67.66347948010562","0``67.66347948010562","1/1000000000000000000000000000000","Actual HSBuildChannelObservable Born-times-jet action; archived Born coefficients, Q2=10000, xB=1/10, exp(etaJ)=6/5, y=2/5, one quark, PDF=x(1-x)^3 (UT times 2/5). Delta(w) solved independently; reduced by native Born weight. Difference from ep extra jet=0, coefficient of relative a."
"k3/recoil_separate","recoil_expected_difference","EXPECTED_NONZERO_DIFFERENCE","0.69269278321785359135635985357188350683850839340948982902783419374250322047629`60.","0.69269278321785359135635985357188350683850839340948982902783419374250322047629`60.","0``59.85842934134908","0``59.85842934134908","1/1000000000000000000000000000000","Saved native ep recoil coefficient retained outside fragmentation comparison; high-pT has no electron-jet recoil observable."
